ID,hf_energy,hf_entropy,hf_kurtosis,hf_max,hf_mean,hf_median,hf_min,hf_peak,hf_quartile_range,hf_range,hf_skewness,hf_std,label,of_theta_x,of_theta_y,of_theta_z,sf_compactness_avg_2D,sf_compactness_std_2D,sf_convexity_avg_2D,sf_convexity_std_2D,sf_cvar_avg_2D,sf_cvar_std_2D,sf_evar_avg_2D,sf_evar_std_2D,sf_prax_avg_2D,sf_prax_std_2D,sf_rad_dist_avg_2D,sf_rad_dist_std_2D,sf_roughness_avg_2D,sf_roughness_std_2D,sf_solidity_avg_2D,sf_solidity_std_2D,sf_volume_2D,tf_GLRLM_GrayLevelNonUniformity,tf_GLRLM_GrayLevelNonUniformityNormalized,tf_GLRLM_GrayLevelVariance,tf_GLRLM_HighGrayLevelRunEmphasis,tf_GLRLM_LongRunEmphasis,tf_GLRLM_LongRunHighGrayLevelEmphasis,tf_GLRLM_LongRunLowGrayLevelEmphasis,tf_GLRLM_LowGrayLevelRunEmphasis,tf_GLRLM_RunEntropy,tf_GLRLM_RunLengthNonUniformity,tf_GLRLM_RunLengthNonUniformityNormalized,tf_GLRLM_RunPercentage,tf_GLRLM_RunVariance,tf_GLRLM_ShortRunEmphasis,tf_GLRLM_ShortRunHighGrayLevelEmphasis,tf_GLRLM_ShortRunLowGrayLevelEmphasis,tf_GLSZM_GrayLevelNonUniformity,tf_GLSZM_GrayLevelNonUniformityNormalized,tf_GLSZM_GrayLevelVariance,tf_GLSZM_HighGrayLevelZoneEmphasis,tf_GLSZM_LargeAreaEmphasis,tf_GLSZM_LargeAreaHighGrayLevelEmphasis,tf_GLSZM_LargeAreaLowGrayLevelEmphasis,tf_GLSZM_LowGrayLevelZoneEmphasis,tf_GLSZM_SizeZoneNonUniformity,tf_GLSZM_SizeZoneNonUniformityNormalized,tf_GLSZM_SmallAreaEmphasis,tf_GLSZM_SmallAreaHighGrayLevelEmphasis,tf_GLSZM_SmallAreaLowGrayLevelEmphasis,tf_GLSZM_ZoneEntropy,tf_GLSZM_ZonePercentage,tf_GLSZM_ZoneVariance,tf_Gabor_0.05A0.0kurt,tf_Gabor_0.05A0.0max,tf_Gabor_0.05A0.0mean,tf_Gabor_0.05A0.0min,tf_Gabor_0.05A0.0skew,tf_Gabor_0.05A0.0std,tf_Gabor_0.05A0.79kurt,tf_Gabor_0.05A0.79max,tf_Gabor_0.05A0.79mean,tf_Gabor_0.05A0.79min,tf_Gabor_0.05A0.79skew,tf_Gabor_0.05A0.79std,tf_Gabor_0.05A1.57kurt,tf_Gabor_0.05A1.57max,tf_Gabor_0.05A1.57mean,tf_Gabor_0.05A1.57min,tf_Gabor_0.05A1.57skew,tf_Gabor_0.05A1.57std,tf_Gabor_0.05A2.36kurt,tf_Gabor_0.05A2.36max,tf_Gabor_0.05A2.36mean,tf_Gabor_0.05A2.36min,tf_Gabor_0.05A2.36skew,tf_Gabor_0.05A2.36std,tf_Gabor_0.2A0.0kurt,tf_Gabor_0.2A0.0max,tf_Gabor_0.2A0.0mean,tf_Gabor_0.2A0.0min,tf_Gabor_0.2A0.0skew,tf_Gabor_0.2A0.0std,tf_Gabor_0.2A0.79kurt,tf_Gabor_0.2A0.79max,tf_Gabor_0.2A0.79mean,tf_Gabor_0.2A0.79min,tf_Gabor_0.2A0.79skew,tf_Gabor_0.2A0.79std,tf_Gabor_0.2A1.57kurt,tf_Gabor_0.2A1.57max,tf_Gabor_0.2A1.57mean,tf_Gabor_0.2A1.57min,tf_Gabor_0.2A1.57skew,tf_Gabor_0.2A1.57std,tf_Gabor_0.2A2.36kurt,tf_Gabor_0.2A2.36max,tf_Gabor_0.2A2.36mean,tf_Gabor_0.2A2.36min,tf_Gabor_0.2A2.36skew,tf_Gabor_0.2A2.36std,tf_Gabor_0.5A0.0kurt,tf_Gabor_0.5A0.0max,tf_Gabor_0.5A0.0mean,tf_Gabor_0.5A0.0min,tf_Gabor_0.5A0.0skew,tf_Gabor_0.5A0.0std,tf_Gabor_0.5A0.79kurt,tf_Gabor_0.5A0.79max,tf_Gabor_0.5A0.79mean,tf_Gabor_0.5A0.79min,tf_Gabor_0.5A0.79skew,tf_Gabor_0.5A0.79std,tf_Gabor_0.5A1.57kurt,tf_Gabor_0.5A1.57max,tf_Gabor_0.5A1.57mean,tf_Gabor_0.5A1.57min,tf_Gabor_0.5A1.57skew,tf_Gabor_0.5A1.57std,tf_Gabor_0.5A2.36kurt,tf_Gabor_0.5A2.36max,tf_Gabor_0.5A2.36mean,tf_Gabor_0.5A2.36min,tf_Gabor_0.5A2.36skew,tf_Gabor_0.5A2.36std,tf_LBP_kurtosis_R15_P36,tf_LBP_kurtosis_R3_P12,tf_LBP_kurtosis_R8_P24,tf_LBP_mean_R15_P36,tf_LBP_mean_R3_P12,tf_LBP_mean_R8_P24,tf_LBP_median_R15_P36,tf_LBP_median_R3_P12,tf_LBP_median_R8_P24,tf_LBP_peak_R15_P36,tf_LBP_peak_R3_P12,tf_LBP_peak_R8_P24,tf_LBP_skew_R15_P36,tf_LBP_skew_R3_P12,tf_LBP_skew_R8_P24,tf_LBP_std_R15_P36,tf_LBP_std_R3_P12,tf_LBP_std_R8_P24,tf_NGTDM_Busyness,tf_NGTDM_Coarseness,tf_NGTDM_Complexity,tf_NGTDM_Contrast,tf_NGTDM_Strength,Label_binary
0_HN1244_0,-0.06690469548727324,-0.2092847172611384,0.6528321667525657,-0.1639436761659439,-0.031779368056605854,-0.006997862616500118,-0.2710549992992509,0.12501975659870396,0.025279123259567486,0.17130175143964482,-0.8831672636133516,0.2811553584992976,T12,0.5147519791188959,0.4924552487261075,0.351651226263049,-0.386227686348958,0.20616130790166767,-0.5032114070466384,0.318418851280304,0.5304927108000682,-0.0012093554770618,0.07644926915124668,-0.047123182286525324,0.13383402351156873,-0.24228461820123895,0.19687267182296236,0.4422059853800739,0.08476786655031573,-0.21658717930952595,0.8210827347861311,0.23668200798363412,0.1462499370313824,0.23675266381372387,-1.0820443006021891,1.0820443006021836,1.0000955325791423,0.16698314561107735,0.6392799851926928,-0.16050857889083936,-1.000095532579142,0.005174408688956168,0.6395236094202257,0.2482062047856779,0.0530331575238342,0.2454901268983946,0.9514935323035086,1.094272121783207,-0.5524649907914522,2.424242424242424,-0.6504065040650407,0.6504065040650407,0.5333333333333333,-0.052178676712321986,0.025774267213486243,-0.06899897613770768,-0.5333333333333333,0.33333333333333326,-0.8333333333333333,0.9928116542785843,0.9928116765955765,0.9928116486993364,1.1309297535714573,0.36725992948916086,0.4454345367278877,0.14737078461050307,-0.11908726179091224,-0.1324514089166658,-0.03769397720331246,0.09892749981059684,-0.5128739467122437,-0.10060289689908437,-0.08544288669123161,-0.22939576008847273,-0.12113132601845375,-0.1320732339316065,-0.03850785344475355,0.04775463938851615,0.11752995254972279,0.4649400309846732,-0.3875456852303744,-0.16096181096153897,-0.10596633949013046,-0.5231382815132173,0.17268394271532683,-0.16516647396566525,-0.08334807770164342,-0.1254594382823478,-0.49935440180853036,0.11243929061384386,-0.20755847135292588,-0.9296522475642577,0.03848850878035852,0.402623934121558,-0.5397033778056183,0.4561236670624371,-0.005213342546378523,0.08431567929295816,0.08106220181826056,0.32035464212575404,0.5965112858443385,0.25221346367408226,-0.01447836600939657,0.5493732424640656,-0.633871061742654,0.18529123510845677,-0.5548952683155461,-0.5097792469683652,-0.07251759529803378,-0.2936465623350996,-0.0859143090443134,-0.3663470254623301,-0.39735277792664836,0.207684756021917,-0.033049850148945285,0.099351699303987,-0.4765839451148902,1.198069534149199,-0.4710176579285607,-0.01550149390760568,0.09198341112086074,-0.39571773069163946,0.20500262651177212,-1.0538103145707935,-0.39883015715036574,0.470516940482116,-0.32289941851838133,0.28383915430970597,0.11047715457994271,0.9060519583391592,0.6353194181652992,0.28072733679332085,0.8297389139349187,0.6988698216064874,0.39241988256061594,1.0225850392655746,0.7420895663519746,-0.2948795736055959,0.34885027664956675,-0.4650342969570606,-0.4018211988286125,-0.852586354074921,-0.49346450129483105,0.0,-0.5333333333333333,0.0,0.0,0.0,0.0,0.351429657381071,0.8932339970180625,0.5084386300577303,0.2820283504681523,-1.1477221081050415,0.4309985423344137,1.1715757036873242,-1.000000027226192,0.9220825569116662,1.0279460054786778,1.021038631877282,0
0_HN1488_0,2.3337253393983906,-0.13022876108818865,0.7515359943312668,-0.3607594693130312,0.02188997026186182,-0.04535886955262128,0.2900476515815014,0.7101311838153943,-0.6073361591940521,-0.4965143979015427,-0.5687330276069599,-0.7048329985733056,T34,0.5077923793135426,0.4018671646946956,0.5788523037601448,0.04946853701428702,-0.0235757385512765,-0.19466555222770573,-0.06202787020936065,-0.2644314450842511,-0.17476440404434865,0.09086817868483352,0.21018636166580698,0.45750576865864123,-0.6139297409245752,0.7851868194767159,0.44113473735568354,0.23119068699912632,0.4653398435209009,0.4736746483353522,0.3172730067986352,0.9135072278409552,0.8687807611480839,0.0,0.0,0.0,1.0597060210251168,0.07553001721226545,2.668165912752391,0.0,0.4600565818425284,0.7272358770234468,-0.3093994729378027,-0.40750760831492666,1.0561097520178169,-0.30033892004110185,-0.4832320455391164,0.16502770869708955,0.0,0.0,0.0,0.0,4.038448062625862,1.6648602231106049,10.458460489681352,0.0,0.0,0.33333333333333326,-0.0001591651111607506,-0.00015918160459717413,-0.0001591609878014528,-0.2896900821428475,-0.4252056346523859,-9.739792079046642e-05,-0.2403400474710579,0.3334976273267225,-0.30855220821575385,-0.2540498168935129,-0.07230294441554898,0.008211143981546765,-0.17656769596402616,-0.1495318870225477,-0.27442895633048175,-0.11670380625338105,-0.12362961111605754,-0.2921195186541888,-0.9766736897829543,-0.7929399041601523,-0.797946267552647,-0.760986015179888,-0.6271889325143478,-0.8828353884245275,-0.6522269204147485,-0.7319350808828201,-0.4499452942985332,-0.578419023479103,-0.5627485171056916,-0.8171091578582383,1.0589198330679668,0.977521309161443,0.5316192173159445,0.4133760184775739,0.8939645410870979,0.31402841773723106,0.567013981570633,0.5380039443730021,0.7069208129964879,0.6362622285387102,0.3723901906862879,0.8672995848282613,-0.9843971510548203,-0.01116088576775251,-0.45125573732586216,-0.5805612277853249,-0.5495147881802868,-0.3497456664909456,-0.654610508646202,-0.5586252278216887,-0.6419969628765677,-0.4513617082800966,-0.6035230111539505,-0.8698829757682895,0.8573854572529466,2.313609129048443,0.7286940872704282,0.9118685693646444,1.523191890089251,0.311527647837648,0.032838417443671976,-0.015853409745465927,3.1609750032078288,-0.002671339684962932,0.5136455346012626,1.900235245202573,1.3820007145417927,1.097030651108444,0.5966080466372087,2.9958579617977463,1.8456524286186182,2.6592462029183483,-0.1784991851387132,-0.5353371827506437,4.290058279498365,0.02506514902872761,0.30983893697899983,3.008746888668352,-0.4536395087322954,0.5298863085286261,-0.11641119463677778,-0.8020219793900051,0.4599061894740708,-0.17059471267484252,0.0,0.26666666666666666,0.0,0.0,0.0,0.0,0.5691446307251276,-0.4792306686062687,0.1658348760403096,0.5875330863653049,-0.14844999916259322,-0.003989554363043409,0.0,0.0,0.0,0.0,0.0,1
0_HN1968_0,-0.0976735331362959,-0.6057197619094394,0.18638562165740472,1.0702558904583601,0.11627189225802438,0.0030132406933163058,0.22661198266740099,0.20278172909751857,-0.17336920183425536,0.12939527421166142,0.9581905837696774,-0.07115580179775831,T34,-0.5586914977905161,0.16752815532866147,-0.6138642860142948,0.20629418660487117,0.023575738551276613,-0.024078436051344552,0.0188091534192908,-0.22868157689799956,-0.6022694513902329,-0.1473664820837084,-0.4524496515526226,0.22198316960063882,0.3196073466067525,-0.11557364885476044,-0.2304238800306022,-0.5321828009644414,-0.36115469288375,0.09500288110654465,0.09001314122013286,0.019413950056749462,-0.006673507611589594,-0.11927798824903146,0.11927798824902645,1.0147901084713806,0.02246082984115682,0.4638983924687939,-0.22547846892242612,-1.0147901084713808,0.052617090718967925,-0.11707411557848112,-0.10085977072225381,-0.12996718686894126,0.09189710912955903,-0.044673322090242745,0.648888927331763,-0.7337188617035647,0.0,-1.1707317073170733,1.1707317073170733,1.6,0.035753133120342916,0.17951649046155427,-0.013579142758925047,-1.6,0.0,-0.41666666666666663,1.8040274865835224,1.8040277873801367,1.8040274113843662,0.34123967142860995,-0.11320916616197385,0.47441397428135057,-0.49570100742809237,-0.3878638426616507,0.5977634280701993,-0.9386476834182498,-0.34183360379322286,0.7330626388125475,-0.15187066464262383,-0.18394777833906792,0.07118531969109829,-0.19033095274869816,0.07558787396470401,-0.1784306591689869,0.12583399101087916,-0.1148761618858073,0.015662690449125827,0.3197029734589598,-0.30138842365188684,-0.3923274509499977,0.6174278300522618,1.0677894035646254,0.3026377705752143,-0.13397209259810483,0.6596305136454439,0.37335459366451157,-0.2452469349864097,-0.4029921991084477,0.22033766590857892,-0.7423998740088911,0.04190670225434569,0.4066485498339712,-0.9772217103651573,-1.2483803887150078,-0.20776000365165215,-0.03746201329659084,-0.5639174248028646,-0.6864746578541827,0.14264827595741808,-0.2322677320170026,0.4854466852401134,0.11512676418829003,-0.41696651331349505,0.21271697414738874,0.42977026798105333,0.9979652212716552,0.3189025877902118,-0.04851356867950003,0.728131571327543,0.25133172558753086,-0.17166812216939986,-0.4520546522190872,0.6095502051352983,-0.1740889660716183,-0.8808405627231791,0.22720532265058122,-0.1969960480711073,0.6517867363640493,0.2364712766395089,-0.666124679013757,0.45714513015021313,0.08731753012911828,-0.158223983910827,0.20392302535938642,0.37486140603924406,-0.0024827022213843204,0.41587904951231097,0.6912574443244226,0.022613494342893403,0.25979922452793064,-0.006451483108366332,0.5261915133613003,0.2814874577443913,0.1792340616719691,-0.23006894472564984,-0.5427628213723215,-0.32729614101461035,-0.3171968253585456,0.11081886388723051,-0.3353116528928859,0.0,0.26666666666666666,0.0,0.0,0.0,0.0,0.25402701575953524,-0.12999326572267755,0.3120527600530577,0.3254203941100659,0.4908820044824136,0.5333749599621153,0.06727076534320642,-0.9999976995682869,0.06926194601028114,0.010651009159932669,12.910231518163434,1
0_HN1933_0,0.10345916757760577,0.6817011028984433,-0.14161701301991045,1.1931543252910861,0.8342814455457978,0.8581525302154399,0.24883039562854772,-0.2144776355302671,1.122921255822295,0.15401305909643254,0.16865748148273813,0.05892306783431949,T12,0.4577572545868737,-0.2846386714874213,-0.2783884642596112,-0.13883350074471001,0.5682463120819249,-0.45997059653256367,0.6357986359339649,0.15572305315912574,1.5212426171364415,0.7323402102351808,1.777518408875729,-0.6556713335601191,-0.41345226201243346,0.23101499154696942,-0.007435309341287238,0.469789921013728,0.3453065325773693,-0.05999567848390435,0.5365890039956811,-0.04870634766287668,0.006673507611589594,0.0,0.0,0.0,-0.09393740668863887,-0.274847651436618,0.602732787067497,0.0,-0.11185408776333237,8.951269629681175e-05,0.029245190011340943,0.13430115992945132,-0.06902803890288331,-0.44674485532643,-0.5020602272714287,0.09508317198335244,0.0,0.0,0.0,0.0,0.1307126714826394,-0.043233099387712005,0.6068513875372249,0.0,0.0,0.33333333333333326,-0.00015884123456427266,-0.00015885772801275825,-0.00015883711120195937,-0.2896900821428475,-0.2671031684168217,-9.739792079046642e-05,1.4432842602484781,1.5204448238488948,1.5516491565839734,0.1670413877979794,1.9173917020079168,-0.5633824493356537,0.6260406017270322,1.1163161714740015,0.4235073832763706,0.7993629077992507,0.8866662406916118,0.8028845363285059,0.5884787852689258,-0.3139220082452486,2.515264598149597,-0.40058467599530645,1.6737498110608737,-0.1743079150849952,0.4895236384495293,0.8707619813408188,0.009683225493420202,0.6722716085898113,0.5570398176789961,0.22270202149534105,-0.014683391940419404,0.5313542118180965,-2.308352741787925,0.41477283433441026,-1.144456118161623,0.027884641690380425,-0.9493763428274545,-0.5429260788903685,0.10948700123756343,-0.5716742834925097,-0.5273021233208809,-0.015774993573652377,0.87949797974145,0.16488045319080935,1.877226433787647,-0.4507405338811177,2.2949662699832203,-0.33694057177580017,0.6050397117941496,0.9876125999953024,0.01725095308814967,1.1419029182112552,0.5599105598993974,0.5169780448416182,0.9381279591069943,-0.6548409650843163,-0.7728143221442905,0.2686775297224068,0.6643730165005878,0.4789066768507937,-0.0059339161319104695,0.9718777037813724,0.48202061503422733,0.8203530141213872,0.17831687182976932,0.6575275755893343,0.0016981248283708542,-0.1445514158357019,-0.19727498144588027,-0.32765592351521255,-0.21702823686990985,-0.16351512143231342,-0.9009038012765712,-0.1745009294621171,-0.028455588729014485,-0.12599882131175774,-0.5171204205446285,-0.17581906971577282,-0.24930605764730354,-0.7968463328044482,-0.549991698445143,-0.31613022892892534,-0.1854984962283803,-0.6560589943779723,0.0,0.0,0.0,0.0,0.0,0.0,0.2935681721014372,0.14433097047900298,0.5758593809557956,0.21027179777380137,0.5269503941769984,0.863256279789189,0.0,0.0,0.0,0.0,0.0,0
0_HN1135_0,0.6192618923828684,0.4658456120838268,-0.6334534324673162,-0.11668727103669434,-0.8113403933387232,-0.049284732664447266,-2.6218885216214844,1.3492966650861389,1.359933822087566,2.6655211405398678,0.3460376135060243,3.2959105347485695,T34,-0.4651447673431137,-0.37937041762519946,-0.7295784708595621,-0.06185753585319827,-0.2646348408195288,0.15145842569676152,-0.18796045185689084,0.2932159927863474,0.14177690204403676,0.12230404489383433,0.2535169171298512,-0.6756125446691011,-0.0057573645606776415,0.8056167767069001,0.8907830037395718,0.4272383174187486,0.4005876897794397,0.13101270069522222,-0.14713214377259567,1.9388330880936229,1.1243198569510753,-10.087218676169645,10.087218676169659,0.8320511176939248,0.5699959881294704,1.1113207917304917,0.04575672151778498,-0.8320511176939249,0.7629576412106285,2.495630789692822,-0.03246357615478915,-0.24191879118138865,1.3478753777387964,0.6204009410538263,0.5821102983741067,-0.2745311914607344,1.1636363636363638,-1.1239024390243904,1.1239024390243904,1.2800000000000002,1.3936964065379889,2.5480962778327476,0.8504713453158161,-1.2800000000000002,0.0,-0.8666666666666665,0.18396290094893386,0.7252188298439555,0.04864891242584999,1.1752834385750797,-0.2848201479851761,5.689061581487946,-0.6013543334299053,0.18601439012320187,-0.4003335991217668,-0.5164485827914196,-0.6540972793529574,-0.623979805624243,-0.7999635789075344,-0.8941859864330725,-0.4998039452258783,-0.8650574639822084,-0.753186564812791,-0.379320796689552,-0.14780431232931696,0.33791797238322646,1.2563466121895792,0.09381614954915019,1.534868604993182,0.4763240464781358,0.5823542362861026,0.1390363210771315,-0.11177459803133624,1.6688828603251484,-0.023227975269618034,0.5342122605837737,-0.3823832468837336,-0.41599151713212573,-2.3024339236607863,-0.5626737694949764,-3.351530298408175,-0.9439996840382847,-1.595792297906565,-0.7223516004013094,-0.40773644532614056,-3.2154919404270244,-0.5224495087989427,-1.4153462793472051,-0.3167102856643975,0.5127897558584081,0.44298264284191496,-0.13355702006072742,1.3036249461999214,0.05956187837437448,0.4501335503590112,-0.01131148446611734,-0.2444586215849241,1.533779093892739,-0.20288303815469683,0.48195193194602537,-1.0107129109643243,0.0958575832606819,-1.0051895664748178,-0.49953622071066694,-1.016652224450995,-0.2890848551677809,-0.6563816290136669,-0.9183237919019267,-0.796365733967666,-0.5466623550627184,-0.6529034242423214,-0.6251043902337587,0.04800170092817505,0.5013735792984259,0.24269551860926117,0.6957350830111289,0.012808990765997378,1.021577682607323,-0.14527907943827598,-0.0092054408184343,-0.025809198445364043,-0.3293056622413719,0.221741348317611,-0.08684176303229701,0.3098600832686309,0.7912644976474406,-0.3182624590868462,0.284590993337235,-0.4447993408981046,-0.45796259821900276,0.0,-0.5333333333333333,0.0,0.0,0.0,0.0,-0.28885839419956405,0.5280676548020352,0.46012199814845073,-0.399693850241475,-1.4659388512053646,-0.11758136977535594,65.3171782171418,-1.0000001667674538,13.106088135931616,243.64065258262738,0.025555937983358576,1
0_HN1363_0,0.6146610193556714,-0.806405756833738,0.5027123170439258,0.3263404113139507,-0.008392541251136814,-0.16452264650939835,0.24815107272440173,0.8517464833254307,-0.5321004892828521,-0.18393895527212276,0.9234511645424769,-0.30682132173479526,T34,-0.5484885353601724,0.029115791925980957,0.6404475182992871,0.973922476372348,-0.304998363394497,0.4865718538627842,-0.3450789012002129,-0.6857174918501201,0.31205894596018463,-0.6015673757330522,0.10720655402980575,1.1008094369318087,0.33667377307294094,0.7272947322687112,-0.24258151787093796,-0.4076095937763237,-0.31222881750721776,-0.6727121927932493,-0.5108872948851249,0.5638339727554813,0.31073568070019303,0.0,0.0,0.0,1.1694534006422401,0.10886183368763547,2.8646528582616626,0.0,0.383227193503937,-0.016418367388709054,-0.40630347845385767,-0.5987045615914321,0.5247489486746737,-1.396762119328472,-0.6242349031860676,-0.3587817432004104,0.0,0.0,0.0,0.0,2.1096746885455233,0.8217824322381403,5.59592005996609,0.0,0.0,0.33333333333333326,-0.0001591442823245225,-0.00015916077576172172,-0.00015914015896503075,-0.2896900821428475,-0.40466706151765625,-9.739792079046642e-05,-0.5189275059150863,-0.008847075369624797,-0.5553591236450554,0.4238285073753747,-0.41798168773998734,-0.13434805538812045,-0.2956664664550915,-0.3490429689035999,-0.2539969505433255,-0.22745484607967542,-0.38617703051181695,-0.2969752599991787,-0.6337378818591447,-0.6602810566982366,-1.1802314274847343,0.21095275402293107,-0.5427929230084442,-0.047338776868881445,0.01282592517281658,0.15339010285520327,-0.025722262989289493,0.21274889905902175,-0.2395630924722139,-0.39015616477156445,0.5073081590222298,0.14540394260625636,0.6016470933402164,0.16728855766044534,0.4625125734221722,-0.12575631278903387,-0.14637400160481243,-0.01441333540428296,-0.15924581042404073,0.17003164447461702,-0.0016785433019970246,0.20984238132076471,-0.7534285140983659,-0.47053754219029476,-1.1567971208101717,0.9051196316390647,-0.6395079011052244,0.3135432538292758,-0.23421801978825688,-0.2139331364729247,-0.13900572728619143,-0.12015238526828016,-0.35260171951601654,-0.43307304903676935,-1.536660796812114,-0.35226597728280173,-0.9485859737974169,1.0497691131728557,-1.1299115617738724,0.36153790392678087,-0.727677446401078,-0.08240461500016666,0.9773752352202592,-1.2036916646287925,-0.5221474180999601,0.2352571549251954,0.6175560297134375,0.8543902182017001,0.7978918456939338,0.10431282184503735,1.7813849131128718,0.7114837254030922,0.6075306186535459,1.660646679575641,0.5970610608942745,2.1744569339199806,0.5713509247499083,0.6341227333741885,-0.25305498414146543,0.6000729110075026,0.019760808666529572,-0.3357394511538084,0.7352479193190131,0.004078475518167763,0.0,0.5333333333333333,0.0,0.0,0.0,0.0,0.2983399618076089,-0.804670045046854,-0.03199925526449054,0.24418882321411664,0.2907114204387757,0.05778344499193686,0.0,0.0,0.0,0.0,0.0,1
0_HN1950_0,0.6260093206168111,-0.7090313249642157,2.9591345872620747,0.14699671542151543,0.47679572758767835,0.41920397106433566,0.547091455175351,0.209736051841315,-0.5608964058257031,-0.5688351954455635,-0.9736540957512168,-0.7548373313522178,T12,0.2694041055113176,-1.339226199793644,-0.2387432417019842,-0.20228675998461534,0.6517300207253591,-0.1460012991560098,0.28437614112200427,0.425306526891868,1.967136732191288,0.2838385094972608,1.3029724503334175,-0.5807607403853227,1.906553774532432,0.3669728378585318,0.5150637378977952,-0.07212308444282789,0.37761529189987914,0.34337076869321903,1.6727903069338945,0.22518497676714883,0.3649992882610032,0.0,0.0,0.0,0.0014974668758094857,-0.2458627435317735,0.7735952428925127,0.0,0.0028770487973552228,0.4269370708103425,-0.05521736436746233,0.04133374887856944,-0.007717409320481294,-0.34421804038441833,-0.4888750138413773,0.14406472835180326,0.0,0.0,0.0,0.0,0.724713193078897,0.21640790056296724,2.1043583473224596,0.0,0.0,0.33333333333333326,-0.00015907366973964243,-0.00015909016317947148,-0.00015906954637949326,-0.2896900821428475,-0.35815881496080126,-9.739792079046642e-05,-0.17143212461389296,-0.7954128743208075,0.12264106442615086,-0.5453196594938284,-0.8485830673466752,0.4240998160283537,-0.2803481121512509,0.30969512203278904,-0.4087688600618594,0.027052976911684144,0.0862890374913741,-1.077694702598851,-0.4178667145653022,-0.5721945812775198,0.20220057734861765,-0.4918242146656286,0.24424885841557592,0.016976685072567405,-0.5198940721758345,-0.25882438203327257,-0.5321325551992638,0.13748733828102272,-0.7274411206694201,-0.7257342774724312,0.5190861149138265,-0.35279062706206044,0.13442846723982033,0.4158060112095503,-0.9917997495242602,0.788962106976481,0.2574482863214334,0.4137606429673105,0.527789558288247,-0.11521162600322422,0.501092012317473,0.03767286868267124,-0.3476524545479708,-1.1746899252932892,1.2075702167321694,-0.17534214894683375,-0.26681659545254044,0.5642553021921793,-0.6292428875915216,-0.43758434642011046,-0.6423224577371709,-0.1939323662230153,-0.6542513786483991,-0.9886701282613124,2.9496617994333962,-1.4073793987172807,2.383917606272775,1.1508468432539174,0.2893221967999563,1.5702260816021685,-1.2239781377217156,2.2567655006739753,0.8169652687742122,-0.5790467320455982,0.25490560607141144,-1.508019926230468,1.662724464969502,0.6019203638656508,1.5477122620918393,2.23361217743023,0.7090857790117262,0.09571632704912031,-0.3518289110469949,0.9982636197265805,1.3498353545020365,1.0815914835634801,0.1463499806319284,-0.2217804704924014,2.527345598666903,0.10181599586900276,0.45332249097131694,1.1302462521039327,0.4513137861495561,0.44317659352206357,0.0,0.26666666666666666,0.0,0.0,0.0,0.0,-1.877980032499277,-0.4240165943981426,-0.46698643763694,-1.4241898089917908,0.22181509526939308,-0.33480905071230177,0.0,0.0,0.0,0.0,0.0,0
0_HN1610_0,-0.15648430480607442,0.35369905955340825,-0.4428826162150653,-0.7273778429605667,-0.9699263632291143,-0.6433165388183536,-2.040356091752025,0.15599810336652442,0.3335861125711317,1.8144871565603329,0.07258984595553762,1.6855256603678903,T34,0.39713895068694055,0.6253227525925001,-0.2631444001384085,0.6169712412626664,0.10190788436083546,0.19043759587442705,-0.04154823868928149,-0.420088604561251,-0.33957631102199337,-0.4347920007428324,-0.06986547833348172,0.3616916966701426,-0.5320040630846425,0.18364452208823173,-0.1499298052655387,-0.58617154211173,0.152493543527204,-0.12291203342355272,0.28995404389296675,0.2389608968473917,0.2534089509168881,-4.322519149723596,4.322519149723605,0.9471395539224572,0.030919751013806313,0.47120664266791124,-0.2173181705275474,-0.9471395539224573,0.2766579870667968,0.5205473885200095,0.023747080006004066,-0.009713190619669026,0.12237612639907416,0.49842945302769637,0.7115128037761551,-0.4675489716881246,3.8181818181818183,-0.5121951219512196,0.5121951219512195,0.4,-0.05170303273826857,0.026575842208405642,-0.06865586355495698,-0.4,0.25,-0.9322916666666666,0.9926503795953409,0.992650368590367,0.9926503823465849,1.4453667401786598,0.48109553591990056,0.46761493839935625,0.1949350451767932,0.08199192956362304,0.033394188825352146,0.0966516475885121,0.4136302223612738,0.2924148998504906,-0.5850562229850224,-0.6879559867431632,-0.10464453934286942,-0.4630626180677792,-0.5915538718309876,0.33330691938446494,0.6074648923791379,0.7377315263139103,-0.019777716919819357,0.22191364177164205,0.722631778342859,-0.24060272119639023,0.8816567953173505,0.5435637477744518,0.6170619495322696,0.9213340965316261,0.6756328215631432,0.7232313013195075,-0.9751887332289039,-0.9565763409841079,0.06097110710588086,-0.47905547905550094,-1.1744603438141308,0.3592420598831321,-1.4316688880905337,-1.2205903763104873,-1.505460913275651,-1.5433134597280336,-1.6343329702408547,-1.3199345165144907,0.656155587262462,0.5623787807349383,0.16243514142966986,0.08492997244949899,0.7034951572045229,0.15540764410410055,0.7410421240096928,0.5548875953000468,0.30467031588932075,0.7957960123065495,0.6005917144868511,0.557835713854344,-0.8171017179495593,-0.5078355141889141,0.3929153223136224,-0.34706281962697816,-0.5422690171917457,0.6983368739653316,-0.9638381891419522,-0.8473074027961689,-0.8649706245269613,-0.9473790134743394,-0.8026607174715926,-0.5403092251393784,-0.10916384321558253,0.15385789268686842,0.055490197212701556,-0.06391819369925722,-0.23583209657130902,0.4300957398006636,0.03390208472580772,-0.1621944936233612,-0.10565290565845475,-0.007854160525421879,-0.008230401777962281,-0.3567553409981983,0.004361780581565725,0.0509847362667841,-0.033851993228056876,0.027652082656329673,-0.42216826701881616,-0.07282194296312827,0.0,-0.26666666666666666,0.0,0.0,0.0,0.0,-0.0012244591863642864,0.4156476300655076,0.020838282440263815,-0.08477865463642681,-0.6151121308791828,0.11438186805511935,10.149772078738916,-1.0000001527277154,6.630821901022777,40.318875437380406,0.15250368353651816,1
0_HN1096_0,0.5991431664779753,-0.1669283510041127,0.23720062828522964,-0.21177344444723661,-0.4955350022286176,-0.5050937971736785,-0.6819657483989533,1.9053263790105894,0.3987305335768477,0.5853609095076272,-0.4774628514890262,0.5547576198878209,T34,-0.45547901421716175,-0.5840780825388661,-0.4509261477749111,0.8219403620994264,-0.5031194265405989,0.42356187323090033,-0.3390732451264339,-0.6585058535933318,-0.4637615448096507,-0.5911554360139717,-0.21781701645173338,0.5480731740940884,0.14645131212147836,0.8691462320966183,0.07315944197244784,-0.007932048403980312,0.013971431830838732,-0.6769212172696347,-0.5818854892450479,1.558081521818093,1.3276572087943055,-1.8658408831166933,1.8658408831166895,0.9878927088322687,1.2215973011421293,1.9194012123163169,0.313121517467004,-0.9878927088322688,0.6351033631264759,1.4398783531062964,-0.26009952125975366,-0.48551525344915236,1.4097036724818046,0.0078118790922573084,0.5910464288591654,-0.6486561956959338,5.236363636363635,-0.42146341463414655,0.4214634146341463,0.32000000000000006,0.7679505394322089,1.4596925811142776,0.44791890365950654,-0.3199999999999998,1.4,-0.8066666666666666,1.630298850914223,1.6302987770173654,1.6302988693884388,1.1752834385750794,-0.10067933933865128,3.9550773391090392,-0.19156978404691846,0.00577206456371674,-0.566333496254332,0.05064366738505632,-0.20597509046914345,0.2551935183444866,-0.5142323027597705,-0.4806261693366237,-0.19605699218954206,-0.5052059347205133,-0.37710222850513686,-0.27604602694598224,-0.6863444999918576,-0.4448630184536999,-0.42623882863284607,-0.5417493232039957,0.07384121495570067,-0.7734253856648744,-0.19651494331110247,-0.3801607357571921,-0.2857330518760004,0.3560530459845996,-0.3213881083434272,-0.28385274139384176,0.6601382387611366,0.025380275976672678,-0.4481657579696478,0.48115745424751233,-0.3405360729112107,0.739058558648967,-0.025125677953583454,0.2024258705648894,0.3843545653043468,-0.22470577851499746,0.011125784666825452,0.17675281059816605,-0.6131728101910777,-0.24106603311695918,-0.3850541551714927,-0.33447144794135436,0.08553507290080602,0.05646290905977833,-0.32551282375691526,-0.30874965927333414,-0.30722464596625537,0.12333020829310502,-0.35618348152558976,-0.30968133732316994,0.5648328366258417,-0.3211178758523937,-0.6158022841550341,0.7301981013150047,0.0810751734279547,1.358877365798824,-0.5181031223830582,-0.07523074966034538,0.6884017471275684,-0.5385131071240491,0.12198879326361448,-0.3634639055473089,0.3127127777292148,0.7987562143673651,1.0710512281217779,0.5071209250659822,0.7321081738912006,1.238443618039697,0.7540760730786686,0.0074170873400628825,0.6953315498669853,0.7496463893886146,0.21764890448371238,0.9798007967331287,0.07339373129718692,0.5383344990674074,-0.2838491916189544,0.0952779095847834,-0.28222746964050716,-0.3859806710239701,0.0,-0.26666666666666666,0.0,0.0,0.0,0.0,-0.05661360340987023,0.3826297182098924,0.3726780206336519,-0.19918141819608734,-1.1775937405202728,0.003989554363043409,6.725602661352139,-1.000000144680996,1.4218587737946073,2.5009838968864577,0.2106031498194125,1
0_HN1215_0,1.0465124067255709,0.20665856299720878,-0.4514529824836148,0.6353761038226278,-0.13142366301104547,-0.3105767081710606,0.0653778822932695,0.5637743006164059,-0.07867442490309116,0.1292881497955123,1.339519704053336,-0.14264072028646127,T12,-0.520898646568759,-0.1037598826028353,0.49380220418231424,0.8621919770642398,-0.20874071937025415,0.12995553050216985,-0.17993837610421598,-1.1240163570352768,-0.49633131830721605,-0.9855496887266523,-0.2689480684114904,1.0865526166985269,-0.12495424299601607,0.4376895965248763,-0.7333810724172788,-0.49773528522622396,-0.37523612758733726,-0.6014902581926295,-0.4052525356929081,0.4900731408297715,0.3305282817444053,0.0,0.0,0.0,0.8584732004958302,0.01441279085020008,2.307887404236223,0.0,0.3274958696863381,0.11911053046709745,-0.29581892033814544,-0.4864270100918046,0.555603602180165,-0.4682827292113493,-0.5048300535277385,0.08479358496801956,0.0,0.0,0.0,0.0,1.7233372134506875,0.6529121287534172,4.621942703472105,0.0,0.0,0.33333333333333326,-0.0001591349973732244,-0.00015915149081076948,-0.00015913087401364624,-0.2896900821428475,-0.39709083402802153,-9.739792079046642e-05,-0.14394683516180257,0.889674591500242,-0.012130029526591233,-0.031735101268864696,-0.15658476243078961,-0.17709296172071673,-0.2544458664276311,-0.20249284680808513,-0.1352552078555229,-0.2503692796937952,-0.0838476816440267,-0.3100199392252237,-0.5347783801601526,-0.2817200528826112,-0.4716951395777681,-0.051642668498891195,-0.43105283823201435,-0.7492090785349041,-0.09826109362869705,-0.0018236874174720082,-0.1774282178744001,-0.44378463452941863,0.5534003636539143,-0.5533141304469145,0.41006734559254426,0.7267996973283154,0.2929261519313729,0.0597757370015759,0.4328411460088262,0.37492689762840065,-0.3207244318023359,-0.2816979233216828,0.07430348496392193,0.49734563947811494,-0.9946922329998923,0.4432469240646851,-0.48748051680731735,0.417645118732717,-0.09799200994355563,0.35103807188079017,-0.25642153399876627,-0.48008347518429945,-0.01612731978505253,0.17816729342666582,-0.2876789947964966,-0.3780556484463964,0.5277412465497555,-0.5244430530940539,0.11292232235515387,0.45970062385123267,0.4287626118741964,0.5713810709035079,0.4782581035877849,0.4161222330939667,-0.011112177684266701,-0.11875671335041879,0.17209954802477753,-0.1031794708804458,-0.19109313971878386,0.9736281780367758,0.11617903149777134,0.887168128847198,0.8470516624028817,0.6859632394139042,0.7774116304720634,0.7696683794171713,-0.725190181155402,-0.5742775700239161,0.006451483108366454,0.3877505797230146,-0.4730109939841205,0.8048290336297331,0.37289796274748443,0.38169043514499196,0.5827195297325677,0.3551170389098295,0.5359506891332336,0.48690634167251307,0.0,0.5333333333333333,0.0,0.0,0.0,0.0,-0.37131717637188943,-0.5330462792900759,-0.5419906163222198,-0.33464754819113474,-0.0010460361444241805,-0.5424290310758385,0.0,0.0,0.0,0.0,0.0,0
0_HN1901_0,-0.29529321590119023,-0.38611524283782817,-0.10168216339411927,0.37328871400029706,-0.7147107245162436,-0.7580422883156779,-1.0809044653138837,0.015647226173541962,-0.005185319918773963,1.234085086556518,0.05597251838265144,0.8834723158325031,T12,0.4705176759512913,0.7155058618480749,-0.2703853603877143,0.7087716385438985,-0.1035340812705079,0.3016930893749272,-0.13019934041927944,-0.5014176084597973,-0.30229582400924304,-0.1915523301513667,0.19606612183825625,0.6998655838970885,0.45181311732781565,-0.07970071690196279,-0.3876166519715436,-0.5351661664881241,-0.293789683753658,-0.42209344278066857,-0.2374378509957618,-0.05232280739916927,-0.04027444496989746,-2.4152390323423805,2.415239032342385,0.9789111873272052,-0.05836784716475448,0.36503666219688585,-0.26067423767955117,-0.9789111873272051,-0.017034056392488058,0.07710494434728665,0.15321987615084504,0.14152992250202323,-0.05742842523872742,0.6660437698388095,0.8696260191063525,-0.5142962005154755,1.7454545454545454,-0.7492682926829268,0.7492682926829268,0.6400000000000001,-0.1105249126766743,-0.076241885460067,-0.10576919697047706,-0.6400000000000001,0.0,-0.8666666666666665,0.9843476187806544,0.9843477900405696,0.9843475759656737,1.1752834385750797,0.6242303739072654,0.2073303334458963,0.03462362652154023,-0.07993286584140025,-0.3632974312761451,0.8285673516981926,-0.149321694553161,1.0389666042574548,-0.586448283880478,-0.6607001123059477,-0.05085233339641626,-0.5623892902406354,-0.4453425178685767,-0.0003591435131679639,0.21977221087169,0.1307593232367546,0.022295411560128472,-0.2519803007618432,0.2019246421728994,-0.7996342217561517,0.1362166990930441,0.3854137253661783,-0.0034251079805820953,0.37343300319345346,0.0872169362893028,0.0776729139227681,-0.5672264369635583,-0.22421421834590338,-0.603771777480468,0.5150983001004413,-0.4058133813250585,1.250752378453944,-0.5140607894712884,-1.0901216607990964,-0.07974908744978809,-0.41889606252029354,-0.3698011069401412,-0.34933324612697103,0.35847036297073503,0.12237709084559441,-0.11258526462388033,0.00878986499284327,0.1774818843756959,-0.19979309732675923,0.14353949081652667,0.626982080242235,0.005409678276611782,0.2540757316264257,0.3411633414162242,-0.019884871343187973,-0.1659896201881956,0.17979181174451156,-0.2692896626617607,0.27005013515056164,-0.36549935851956555,0.3521377390617071,-0.5782824746356936,-0.40146392393027497,0.041691514055159494,0.10136465503150331,-0.12884321670185825,-0.1217923857255486,-0.28517684959862616,-0.0993102335405963,0.015445172058811431,-0.48272554238003373,-0.2070000898636416,-0.45847308446056795,-0.11958360701669474,-0.2702185526671201,-0.1557083835864683,0.149709736899612,-0.043036911535590104,-0.0019563557005119483,-0.7517618028380318,-0.11522653267171258,-0.8046846527068482,-2.00337225178612,-0.8990926347540225,-1.16878848814907,0.0,-0.5333333333333333,0.0,0.0,0.0,0.0,1.088645564394567,0.9174763538894398,0.9427056842024747,1.296693494321688,-0.7313581228713397,1.1774308782870966,1.996641445049165,-1.000000085407984,2.437542601956774,7.410090784229521,0.6355559720272234,0
0_HN1067_0,0.1346747310500486,-1.607172744974698,2.1272096964025202,-0.05322002937583758,0.27689941502163673,0.2680372157566019,0.27476514171174504,0.9070649596965387,-0.38748748869988076,-0.360262971133109,-1.01629341719647,-0.14224356948221728,T34,0.4894154002531572,-0.20760141502078147,0.525229931038278,0.644329442128021,0.04486335623340137,0.15821386374082314,0.10317958782277482,-0.7738038954134516,-0.8069037036614585,-0.6491153193164048,-0.48755978554547275,-0.15439015805006526,0.134416749448539,0.4298710588805455,-0.20611524884287208,0.18498174385038194,-0.15290510645120384,-0.5686033657373812,-0.2816134458780802,0.25004192373209716,0.14345841589031205,-0.3314607863550441,0.33146078635503623,1.011602004952005,0.5508842181662172,1.1057955599186142,0.011128257087783061,-1.0116020049520051,0.21777747285304072,-0.06952556175400985,-0.29007718137622135,-0.3894528001991174,0.2349727981932523,-1.144267767458444,0.0713814057578261,-0.8540309211465043,0.0,-1.1707317073170733,1.1707317073170733,1.6,0.33372331052589216,0.7004940330093699,0.1742209360753702,-1.6,0.0,-0.41666666666666663,0.11260252127974782,0.1126026557070943,0.11260248767290958,0.34123967142860995,-0.2479836068098058,1.1750654780118293,-0.3329434780908083,0.6989743081520513,0.7980087819798402,-1.2227836664767884,-0.2610449286811598,-0.021763119446569654,0.07646738671868092,-0.07412008278763497,-0.4734091110371902,-0.05134133236775429,-0.08671768523892966,0.04462025346764718,-0.8758212322549312,0.3478417163349937,0.9817743267799465,0.07771996613900437,-0.5400542708308315,0.13342958668126412,-0.5194063239378022,-1.0039743346684573,-0.2948328250333535,-0.8079476720700098,-0.5777558218506543,-0.2568064574629283,1.0608003867215352,-0.38547695154978684,0.5176864068241431,-1.0699697871739466,0.4809359787759714,-1.4475459217201794,0.6552260293595188,0.8192952625624967,0.20382088194526882,0.7581380746309175,0.4863420957965989,0.44086549265933783,-1.0759696886897283,0.4559090788878894,1.1253268471464253,-0.8559130888618933,-0.3871469005820086,-0.6433488554464614,-0.6271041669341474,-0.7910159671426497,-0.46507839526908135,-0.6352668176088717,-0.7025227546532952,-0.08437624038053218,-5.759708748083253,-0.40660617859818915,1.0305440149322613,-1.8485868575696145,1.368244089255863,-2.640744478748292,0.7595709807651022,-2.5004594124195445,-2.8133362806800744,0.6237014941960645,-1.8743483409099841,0.7164201824582915,7.761036916659468,0.032457862441881175,-0.42451968017466085,2.1522272668990654,1.0681163382045968,2.644405089653734,1.0780794369756204,2.6778171307047645,1.8833170624479327,0.27083566498315104,1.1014423941270022,1.1290533999105288,-0.5531424941980431,0.03488092304923663,-0.4759830776378051,-1.0579154569685296,-0.0579964613837188,-0.5653526866307038,0.0,-0.26666666666666666,0.0,0.0,0.0,0.0,0.724584893569928,0.09833854499779277,0.5642795218355791,0.723431979906081,-0.4469992471599509,0.3359052412876837,0.441284518234222,-0.9999997927962474,0.28829504177266624,0.07412847334375754,2.9899001180043805,1
0_HN1271_0,-0.25989759270691554,0.1018710609160134,0.7055498883697398,0.24686227962116747,0.266612840969269,0.36979227413395205,-0.25317870622865035,-0.20499446815236289,0.728248095228244,0.31297893982847036,-0.8452475771385711,0.46140668471005725,T12,0.49585196704538065,0.40545934435587316,0.40856693795172233,0.49130826786536164,-0.28700738890853816,0.36717755320769135,-0.28097973580358254,-0.1568433781726983,0.19287356336624986,-0.4821158513546823,-0.5719645315286709,0.2701734194586729,0.5078343495899523,-0.18664388702099713,-0.32775641592298677,-0.13166183260231187,-0.508484877828457,-0.514491801134111,-0.42017973258990576,-0.1223498277150281,-0.13130689957617775,-1.1165631327712444,1.1165631327712404,0.9996359883056878,-0.07099947556610871,0.3499109427215081,-0.2666520742784405,-0.9996359883056879,-0.16297631153982112,-0.10814483530789469,0.1632381559011222,0.1009564872201663,-0.18346006398329961,0.27542107728379817,0.758112058264813,-0.6440027967065687,0.0,-1.1707317073170733,1.1707317073170733,1.6,-0.07246290563382858,-0.009692747320944458,-0.08178106285204972,-1.6,0.0,-0.41666666666666663,0.01788295260613795,0.017883765866976514,0.01788274929091903,0.34123967142860995,0.05819264719905213,0.21799735507986984,0.21071742793224574,-0.6255903649651079,0.6381694684094709,0.1161220550222044,0.18892455997215846,0.29474787619692017,-0.005016103848421274,0.261418299535813,-0.30765999764800117,0.13810469757319968,0.038260138568690406,-0.2536569847148129,-0.6306819755309413,-0.09076657400059485,0.44946730875004903,0.2650295484452901,0.11213978328095761,0.18557740559025074,0.45297616579664246,-0.41069867985909186,-0.0846234049865046,0.14591288162060911,-0.3429073249620193,0.22406336665435178,0.9755035575522305,-0.33812778199542354,0.2110410336510697,-0.27552071966654457,0.004118028110034839,-0.239421641639566,-0.9017558799960212,0.28893246531181654,-0.03893223774743167,-0.36316198073119327,0.02730165654206192,-1.3275627233617904,-0.4806974588504385,-0.5403335064652002,0.5971335997086713,0.21349719121632135,0.31929651445481627,-0.36942356293463996,0.20882774422261188,-0.2569142219490966,-0.19755462920898959,0.12584861552148768,-0.32405919001424444,-0.014219626571132573,-1.3461703145472188,-0.4373594108971265,0.3923044675633893,-0.36845497746547373,0.6628236038126675,-0.854862511832548,-1.3499706934842444,1.0721548105559509,-0.238670200327831,0.13409654648091965,-0.8332598611517128,-1.0068328973049494,1.8973159816276657,-0.41209568392033485,-0.31584930292137775,-0.06711302440134782,0.47077927922683616,-0.2277098032324222,0.37861499549888566,0.3322972656692583,0.14796564129383902,-0.16226117390812825,-0.17332304971806858,-0.20282263273379283,-0.7073171879831066,0.07943647090863563,-0.6489863736733222,-1.6707707948199482,-0.8930828237270706,-0.808232252842212,0.0,-0.8,0.0,0.0,0.0,0.0,0.9968760830882009,0.9957512628644068,0.7172394506861735,1.0756795804974493,-0.9804200492933048,0.8500619598667537,0.7820543873332406,-0.9999999559322736,1.1726263984088328,1.8392769208723756,1.597186118863814,0
0_HN1469_0,0.38119125276733956,0.09873271151627044,0.8708692551536735,-0.20632253755587884,0.0890986420505904,-0.003013240693318008,0.3703594013838109,-0.11680101153785365,-0.5314508311436812,-0.5207548043181569,-0.3455831098438719,-0.7633892008126333,T12,-0.01949297461432597,0.9071019239675406,-0.815659269821678,0.004371077787616641,0.23935869315490294,-0.14463824837986247,0.27257390416097266,0.10591636108505155,-0.2773940972261766,-0.4707506797608447,-0.3490358713079645,-0.7385286398191502,-0.6439000475958917,-0.16469619546065162,-0.0965097528837249,-0.7963064211564932,-0.1949905109211805,-0.22902595153157787,0.09630555707312358,0.005529558164851142,-0.044933374976843146,0.0,0.0,0.0,0.03788960120024607,-0.234809942574876,0.8387501407945669,0.0,0.05151389888454781,-0.20035877558855347,-0.12206493434554234,-0.191439691078412,0.02418069236627931,-0.24379133356884683,-0.4759598797450978,0.19204297095659872,0.0,0.0,0.0,0.0,0.21419592979545335,-0.0067420932700223745,0.8173171292389827,0.0,0.0,0.33333333333333326,-0.00015891779376018178,-0.0001589342872058161,-0.0001589136703985813,-0.2896900821428475,-0.29221678993766803,-9.739792079046642e-05,-0.18171148463210357,1.7427101661022246,0.8943538237531931,0.27827958169510747,2.1386614622211626,-0.7053376005072067,0.393022589759042,-0.031627025393145596,0.07281418766883932,0.9907719863576673,-0.026896115759646292,1.3448539409778126,-0.34951336819510803,0.09192003284289643,-0.31491245573993326,0.18457647908543645,1.045084960182932,0.40888051029414413,0.16963310429119127,-0.7321592014802076,-0.17797552325890906,0.6930142385828968,-0.6573244877729488,0.901315059635116,0.008402251259296993,0.47560630681867216,0.40493564649157054,-0.44586646571946714,-0.28503775075898263,-0.4587110252785267,0.1163514768531413,0.506437159404283,0.25947904162990554,0.12596259443945357,0.2961813766875304,-0.3994236084844385,-0.4645542666549171,0.8062451502075327,-0.025577121823630287,0.49897545715065406,1.8096051467605847,0.02670771362377447,0.4706277415157117,-0.48293362591769357,-0.14821008318243897,1.333298810574482,-0.47037073282402636,1.4134968262856533,-0.7075360289369947,-0.049654052572729986,-0.4506162357404469,-0.2886136411533348,0.9063080504338378,0.3221594154550196,1.920383815684592,0.049520218334015854,0.761417223088217,1.890238637860764,-0.004888780200206844,0.8467952476957199,-0.21148036097332176,-0.21158102913922971,-0.02947483719709077,0.6253450177729502,-0.12843093412885806,-0.14031044157501993,0.546261462244439,-0.5029562458667123,0.2244252445030337,0.48862543791249813,-0.5740490025432444,-0.16290786728940646,-0.1107094814293055,-0.05914797917508278,0.29022949477353677,-0.07638182055724403,0.4077674079299602,0.28042202340557876,0.0,0.26666666666666666,0.0,0.0,0.0,0.0,0.1282264370404445,-0.3999202051509947,-0.3242000133021584,0.0017780767667025241,0.3645491680483135,-0.08303881631559842,0.0,0.0,0.0,0.0,0.0,0
0_HN1486_0,-0.18326043016027227,-0.010249155798689567,-0.07857120605797523,-0.053388518761143346,0.018537802368858863,0.22519193660029926,-0.6844875887143604,0.06717243559348822,0.3252564730216872,0.649898342187127,-0.26312058501591107,0.5718290764196708,T34,-0.5531636417459048,-1.5970663457518415,-0.8961022584156059,-0.017196280423506835,0.2637279608845582,-0.041722104180956385,0.1419644008686057,0.38022161904216184,0.47669568652576044,0.359750151182475,0.5762843088538142,-0.6552875496617816,-0.4522095664525856,0.2561134494496397,0.27581188049970895,0.5775307653120841,0.18394572722891234,0.36047836172026393,0.6550841477182997,0.01626826751874125,0.02006667029982872,-0.44439641306621136,0.4443964130662122,1.0098938177888175,0.10323270407703608,0.5619561428527692,-0.18922498112285677,-1.0098938177888177,-0.03244460259902699,-8.951269629681175e-05,-0.027661839693913913,-0.02769965853366682,0.08940298491090037,-0.343533152102003,0.47381523117254054,-0.7495972450608973,0.4848484848484849,-1.0406504065040652,1.040650406504065,1.0666666666666667,-0.035753133120342916,0.05449322954522435,-0.05864680212573846,-1.0666666666666667,0.6666666666666667,-0.33333333333333326,0.6012364146398202,0.6012366406130105,0.6012363581465203,0.2896900821428475,0.08006390527635843,0.4078623219984329,1.3722790711326047,1.3239386600700331,0.6046586985996176,0.13747687241413875,1.1396657005440534,-0.2748221226778789,0.6587769695491187,0.33606227698822067,0.49282136475492133,0.598031647693104,0.41974259304955436,1.2349511087290326,0.6212988627467931,0.6472883951566962,1.3641904528082904,-0.2024784752904903,0.6353084918328548,-0.009120765952919154,0.288392822259071,0.22390228237179075,0.2725797767347057,1.0173828812725743,-0.012882965706713469,0.5345568942415226,-0.46555212877352015,-0.16829112495920523,-1.2247644166277951,0.05365606284922041,-0.231160070055274,0.03872514445532133,-0.15605065251709113,-0.36365440939158633,-0.19047166778258146,-0.9640619202116938,0.015666368514629412,-0.1992908379153563,0.9200443624753029,1.092255757274273,0.6231898251106837,-0.07534534331536046,0.9279482071796878,0.2792537934033026,0.7306374913603151,0.36573182214992883,0.25053630540616256,1.0795346099446406,0.2889209999740592,0.8426576129848844,0.31508906582729357,-0.040554191839370285,-0.40738489162388547,-0.19845020032555297,0.5440446847809133,0.7372162921952261,1.003575624487872,-0.3853253962096835,0.3172096006935999,-0.021003977136232692,0.43555261307787124,0.5308103240667846,-0.3290177219800382,-0.11752061584097598,-0.4914173710055185,0.5034113291275276,-0.1921943809458664,0.2353463004408291,0.323136592979655,0.004646874900454587,-0.03534601242463582,0.007854160525422019,0.008230401777962281,-0.2819253780261329,0.6884494943012877,0.023606225574684798,-0.09458111609817453,0.5570129485312222,-0.31044716735866995,-0.09833159171805915,0.0,-0.26666666666666666,0.0,0.0,0.0,0.0,-0.635443929200969,0.2678786102744837,0.10048579907909956,-0.6160326197288276,-0.3399639334731716,0.05488869052342448,0.3091541550441865,-0.9999996314414301,0.322905436094178,0.16800953221714426,3.374616595400225,1
0_HN1201_0,-0.32210165880757285,-0.8812252294339482,3.2343168023858966,-1.1988137400034866,-0.8783940078165537,-1.0387306052831704,-0.04541329904440717,-0.015647226173541962,-0.6347874813038965,-0.47065808565883804,-2.210537554467124,-0.2541626423901972,T12,0.5103795249096954,0.4578778941058027,-0.772618578129749,0.7795503896042836,-0.3611442174541098,0.38988482631731264,-0.1734532222968657,-0.6290237025397213,-0.5992264404525031,-1.0086789952334634,-0.7019471807549582,0.6481899307598976,-0.15375931880687363,-0.025767093627227292,-0.443678262527004,-0.1544574177149534,-0.18268652332762622,-0.7566704312738677,-0.42817324261063244,-0.09968809914094086,-0.1349323906479192,-0.8921964614994404,0.8921964614994361,1.0030675682650119,0.12636412326462368,0.5898742177210943,-0.17860152151591696,-1.0030675682650123,-0.07915020719501356,-0.19714719137281478,0.01476685079449089,-0.08348602117720777,-0.11345524909419635,-0.2537490107782504,0.49705062893332963,-0.7175591769651061,0.0,-1.1707317073170733,1.1707317073170733,1.6,-0.0506319301587494,0.0284779832614134,-0.06802318020746004,-1.6,0.0,-0.41666666666666663,0.03666116827166095,0.03666182336844517,0.036661004497457114,0.34123967142860995,0.004953855902065162,0.26981223953939415,-0.47174990000532363,0.16486717392835715,0.012130029526591294,-0.04277399868180864,-0.35497508193328603,-0.3634064289550324,-0.9102342161673469,-0.8440928300219821,-0.3865890757758937,-0.8331889742675549,-0.6889216861459709,-0.6411244662327187,-0.9072132178609031,-0.7968116945220761,-1.149817488002073,-1.037607801848318,-0.6441316321542288,-1.5899023294011965,-0.3884750262433873,-0.5088837771833729,-0.34116066280963037,-0.2923930089302926,-0.1400059800159172,-0.5248934472784037,0.8851963744045203,1.04075801904679,0.7576569566399481,0.9645024577145477,0.8197498715628413,0.5840212677169476,0.3627796277681999,0.31082043787096114,0.5218664871001949,0.37995052902864623,0.045944671151811146,0.44564205765076903,-1.0873722146876748,-0.283953213935074,-0.5532896416851799,-0.9982539010032259,-0.6781402481956286,-1.5360475663493496,-0.6991511993270701,-0.5070161369322405,-0.5512208981602922,-0.38534527134868996,-0.36783442511823744,-0.88682258622746,-1.1388123634893847,2.1949956131645236,0.6448523478380038,1.4615337625373677,-0.08856648908745145,-0.9494527835777262,0.13775536675177813,-0.6727723267397663,-2.314657097360611,-0.8850750775113481,-0.1932071559466372,-0.9831304670966541,1.1177870987018403,0.5493271976970642,2.408583060204185,0.36955587543487506,1.397392913622427,1.0335810462720867,1.134963786023185,-0.3950212489320843,2.5967831338184615,0.909453418207198,0.19592085262040568,2.98853989511794,-0.43587066191514723,0.6011312225543408,0.29573366091767617,-0.7627617785447576,0.6583303897664323,0.2719373887880063,0.0,0.5333333333333333,0.0,0.0,0.0,0.0,0.5317312708422005,-0.7156810338244501,-0.31897606275284746,0.6268962502922775,0.2595864623858229,-0.10353661579161849,0.7665189851921597,-0.9999999520749177,1.0383878883961137,0.9161619835639666,1.8268339461330307,0
0_HN1355_0,-0.32036063723205965,0.3411272563127902,-0.27901289121215417,0.7392391544171805,-0.5101714926185446,-0.6598542093447131,-0.21489939139913278,-0.32195353247984826,1.0365310904039233,0.46503895875468376,0.7611738865509188,0.23852134028552027,T12,-0.48882524528935883,0.7317648125424123,-0.5139595456796561,-1.5640590734539233,1.3232568793217363,-2.318116235118079,1.7454089270288298,1.669237802802624,1.3772634139791817,1.7074008164795789,0.9557504928798636,-0.7539771586114166,0.32474788738854216,-0.39708520807978037,0.33272904646518653,0.16432772780059474,0.77601739690263,1.7360403946766967,1.4860557598224726,-0.15956453917475236,-0.2376123535985204,0.0,0.0,0.0,-0.521427819706162,-0.4046824779389995,-0.16262749562306522,0.0,-0.8322348210969202,-0.04425870337180232,0.8808628857037231,1.105637780821545,-0.5228089851530119,0.957350293132128,-0.3214899616390009,0.7658810086253047,0.7272727272727273,0.0,0.0,0.0,-0.15372302146196987,-0.1675615554290341,-0.11022614743067013,0.0,0.0,-0.41666666666666663,-0.00013245240017465735,-0.00013246889460593524,-0.00013244827656664596,0.34123967142860995,0.7244799959272931,0.012206036937621859,-0.9996474290512319,0.0864838644617048,0.4974131439427205,-2.190777489150652,-0.4050705915597423,0.45186369680229044,-0.1466828578810337,-0.6625438578897426,1.530583356133401,-0.5167838014783207,0.6654218960112104,-0.31671241815818113,0.9219409874199845,0.03040385941677526,-0.8175484143929358,1.2807898921945746,0.30461684690119106,2.5799675521190877,0.19647421006911367,1.6459119767922614,1.400493282067458,0.11303398280843865,1.5638117821701758,-0.0664435754814939,-1.1383995855931284,0.03098960236187833,1.1008229259720061,-1.181022908491103,-0.5180682037792751,-1.161670263629621,-0.38489497926485544,-2.494765501311207,-0.7516604260154114,-0.1672535665628558,-0.7357035571855066,-0.39784648618301843,0.43239375725787355,0.10816556332087224,-0.44152910681370106,0.3011320963763461,0.35812423010809646,0.6654375473356909,0.25777926422137487,1.5642916686097228,1.3075417475193196,0.20352700970043666,2.3437168929574494,-0.27771017989131414,-0.4629059697280291,0.09984257276590777,0.021858376191232244,0.3937934614298459,-0.28034562907479,-0.7337448604222888,0.43978307280933826,0.03378839653952578,0.19086845223745358,0.6596918857169161,0.7269835379016204,-0.6310918399949317,-0.5517022488601755,-0.3488929779814382,-0.3005239525269715,-0.8834247137539425,-0.2781415926805731,-0.8115185579982094,-0.32047982170676226,-0.2623069267747522,-0.38867158559820647,-0.15840569083830222,-0.19354208646552323,-0.6105556829552393,0.3450871604020569,-0.9671869681921538,-0.5719174907958822,0.31278197050057,-0.9684046526654637,-0.6035051793521339,0.0,-0.8,0.0,0.0,0.0,0.0,-0.3252799075710159,1.0535756562856067,0.6192986092547912,-0.37698855130408093,0.1596528197451083,0.6407104101945919,0.0,0.0,0.0,0.0,0.0,0
0_HN1047_0,-0.41773775325867496,-0.1842209423245609,-0.37641042540947256,3.2856232377376506,-0.08849753421742292,-0.2458804321311138,-1.0389862363579379,-0.35704125177809387,0.06530100586171383,2.3277993196275424,0.9339888225496423,1.5467521458209874,T12,-0.5603388747003365,-1.9516267958203506,-0.10196383632837615,-0.8878766602685648,-0.9600688358860441,-0.589307430068736,-0.5284675094668116,0.9890360759919317,-1.313076775038185,3.117925210772936,-1.0806463999368192,-0.6307401827159852,-2.0368970688610304,0.13995820819342936,0.6896934139994321,-0.556919187518672,0.4551699052971772,2.12477624999652,-0.9530122389612101,-0.33051611434375044,-0.3927513864226313,-1.5342354113895578,1.5342354113895542,0.9929345657837743,-0.5537460681662623,-0.2364093438291482,-0.482941323281946,-0.9929345657837744,-1.3042708112602373,-0.14915848029827378,2.0231705780077314,1.7225564407587108,-0.5492629962504827,1.1286889808424696,1.1564765042266587,-0.5044179811964974,0.0,-1.1707317073170733,1.1707317073170733,1.6,-0.16230174811675405,-0.16676744265720211,-0.13840546345585944,-1.6,0.0,-0.41666666666666663,0.11260992291814884,0.11263226225959651,0.11260433808252715,0.34123967142860995,2.3109053885572433,0.007934018439571318,-2.8270068883493247,-0.040350784091203816,-1.8066542328149409,3.209550208369299,-1.7415851760936922,0.025398736049574554,-0.16892653706500319,-1.7781161850666192,-3.126820682541544,-1.2039209599633864,-0.8044578978899601,-1.040762035650359,1.613611801412453,0.7927142468273409,-0.43534335133248847,1.9444948372052027,-0.2838636198111389,1.0913518713282966,0.6302117877345651,5.031681801439389,1.6091933606249036,0.32917578545432313,3.1955664619085375,0.5115871212738422,-2.811381807641732,-0.5508278768325457,0.17634437331929456,-1.2635458618209154,-0.20362698092787426,-0.5312803898075795,-1.551867294345654,-6.396014473670494,-2.693035049895131,-1.5250865594190137,-4.665235109632437,-1.65587949841269,0.9296667006653023,-0.05649567320329919,-0.5645050506049821,1.1355438392882788,-0.6864275157661441,0.17322040487159737,0.4650062553474653,3.541963530232818,0.8370855004414746,0.04415287625107261,2.718540057416095,-0.0697884700466014,-1.0780212734998644,-0.7216794409622637,1.9746484207326302,-1.5026354882639192,-0.19116880275537906,-0.30004915832022977,-0.5531780115631764,0.8170249792235538,-0.6473643826451296,-0.5838062681103042,-0.2869669812221318,-1.1852591564260193,-0.5140476506654241,-0.7559246616971801,0.8534791045771605,-0.239306512249392,-0.14796158861524308,-0.6631570995142173,-0.7255804576146878,0.1857450273732235,-0.35179962703286205,-0.7687484455202844,-0.4416927211046081,-0.4435619631653498,0.956689215083464,-0.5815692407249627,2.4117502745399166,0.6657746447049935,0.6107704290551141,1.364470148022527,0.0,1.0666666666666667,0.0,0.0,0.0,0.0,-0.8586653311545346,-0.6044434354756019,-1.7445437211279968,-0.694518953033929,1.3066707880801067,-2.2318857196410655,0.4382278999350153,-0.9999997859125179,3.3740634823168283,9.883718996888506,3.1612389720562364,0
0_HN1083_0,-0.44899118943318356,0.7857724058386328,-0.6321571938596005,-0.3861485435262659,-0.9730006304654695,-0.23255793158829233,-2.35678097437398,-0.4088825667773036,2.7061873456916428,2.2810463286045017,0.3815599511779912,2.7848273287780794,T12,-0.018326012354666372,-1.9823711145479095,-0.10196383632836459,-1.8261776790846964,1.214571163604868,-2.752767612970826,1.6729237275258493,2.6732697295146273,0.7704319518747799,5.802101933547604,0.8197454262270242,0.2864610904177697,-1.9332167617689442,-0.8127097645857823,-0.09950144716606586,-1.5421995363917897,-0.20613662869899393,1.0199379768294436,0.6844372780054924,-0.36479320682687444,-0.47398714004019116,-4.046101750196087,4.04610175019608,0.9516565701254827,-0.6942838998995614,-0.40789235871604806,-0.5447395630259857,-0.9516565701254831,-1.7432086305058414,-0.199840634520513,4.214999545016796,3.8844956580145724,-0.653219438526124,5.5586665858204265,3.263755269075965,0.18400051271401174,0.4848484848484849,-1.0406504065040652,1.040650406504065,1.0666666666666667,-0.16553453626044667,-0.17241988554086507,-0.14044273666076923,-1.0666666666666667,0.0,-0.6666666666666666,1.2360921287411861,1.236240339257073,1.2360550761104898,0.7103099178571526,12.267308525478642,0.0006003357222991321,7.987777926511596,-1.5930037137206339,-0.3605634822636373,-3.044636701200169,-0.31302304213159204,0.9968915328547869,2.0310412208848994,2.9098440748039076,10.238872490342533,-0.6865049022109256,7.693652746246075,1.267383851571376,3.2525083993612376,0.5206500514213438,-0.17821270414158266,2.190435209752553,-0.5593431968910481,4.667463453894384,3.2944900879074055,4.712654906710994,2.335601236929424,0.5089318960102136,4.948903907680393,1.1958970508768236,-1.5404875907223132,-0.4983198510306166,-0.01864952177305789,-1.9263383871859134,0.409314632681229,-2.259053157991777,-5.716873763400895,-2.948377025893674,-2.6165490626394345,-1.220408606518672,-3.8906411286689577,-1.9763246439816433,2.4250168568734645,-0.1865235340378639,-0.8072667880500775,1.23791979360244,-0.5179227527078502,1.4766519784040042,2.4443186499816685,5.194031485664445,1.8213793451556353,0.597252247919183,4.375727419979961,0.589940082474185,-0.2523392738612226,0.6893025938252425,-1.1086502931429765,0.5213891424548351,-0.22233925115947825,-0.9626680087836409,-0.5876863805351529,-0.035462445211899146,-0.883639741980034,-1.2620305577570683,-0.21009026711471707,-0.4976087601163703,-0.6966126456291347,-0.6663939023103165,-0.48365492434740714,-0.7983590635407654,-0.5087707393062405,-0.7425958137284572,-0.8208228736548514,-0.7357735103094524,-0.564155812644994,-0.35162903410927104,-0.7963908601208609,-0.6402793847662006,4.267797352842841,-2.6493204826062606,1.0954669829020915,1.1344348984911692,-1.8502047452147656,0.9806877818555045,0.0,-1.0666666666666667,0.0,0.0,0.0,0.0,-2.6112846190382784,1.3291396240824922,-0.9005895079408924,-1.785942650831756,2.5761390438398757,-1.7319445880641746,0.6045212314830253,-0.9999998758948249,13.413023703982013,202.05897620947283,2.41757151076132,0
0_HN1485_0,-0.369248884226354,1.0634996250095607,-0.5495149289374135,0.16754061636578368,-0.4892664370340784,-0.4776137402272265,-0.5936287380027434,-0.37758811443021967,3.2732143175432427,0.6405291173738659,0.5696240317891071,0.5808871575926202,T12,-0.5573399336504332,0.2544087002397796,0.5899287788108475,-0.038568256515463306,0.19350744166899886,-0.11565995028552742,0.166946278156948,0.005348263247076415,-0.5052232762654091,-0.3133463159530637,0.20981618676019675,-0.25832451893714337,-0.6239048221778217,-0.37888139070076743,-0.34823401605541193,-0.08794665525556268,-0.32051704286940114,0.46333191621327424,0.7769430833997023,-0.27779881387919897,-0.31883398271751606,-0.3036198049562751,0.30361980495627433,1.0120179326153564,-0.37601412846652155,-0.020218842038452853,-0.40379096743314313,-1.0120179326153567,-0.6366517967667119,-0.2795622490950004,0.6603160347358562,0.7162604320407161,-0.42536606372957153,0.9053202097163212,1.1241234940603932,-0.6077623739971548,0.0,-1.1707317073170733,1.1707317073170733,1.6,-0.15110644398300388,-0.14719303712671025,-0.1313498799220919,-1.6,0.0,-0.41666666666666663,1.8040291200757474,1.8040343213487924,1.8040278197574262,0.34123967142860995,0.8853140675521531,0.03437367555437308,1.5120745067410835,1.4918809056694073,0.8710615480016661,-0.23112021178431877,0.6563198169714398,-0.8452967955655577,-0.46785414598834624,0.21332252964697115,0.32993383759952033,-0.12882607518868733,-0.15859881509057572,-0.8923764174461787,0.9931533930347418,-1.3065917714059645,0.3031366066157307,-1.0916189570914763,-0.08990839891658828,-1.0333453467073224,-0.37917473829925263,0.17552481106376,0.2718524783029862,-0.24574802214573063,0.012882965706713469,-0.05077154781414285,-0.08398527164778688,1.3755467349952915,-0.40604765004912396,0.6275256627261264,0.5423659657133536,-0.08293905496189348,-0.22387102456819594,0.044134885430590985,-0.4234400629245684,0.1351616002850537,-0.3680574768623329,-0.8749130588156487,2.017049644055943,-0.5118774133935947,0.33409682114405453,-1.409579493135457,0.0835225672632686,-1.8288821636637906,-0.44612530877855383,0.7187231893680381,0.23462454674456631,0.0726369271104052,0.3756309057982124,-0.6065521124998239,1.6567068622145447,-0.5381669552172837,-0.30927149278540916,-0.8505224111685805,0.09702244952968796,-1.5264085867334958,-0.5847736526126047,1.0212233101806998,-0.20242051509320783,0.06234596522818133,-0.14381319578607873,-1.345170759132821,0.17684101148916365,-0.017815897359559414,0.16878833166090906,0.7481759887648741,-0.5127925694529404,0.3995807769227622,-0.9271816026003369,0.040940676471806374,-0.3026588549934767,-0.8083391515866349,-0.605152173202283,-0.5361025487697888,0.8678719530084564,0.009229358764765943,-0.3094862570408175,0.549627151002766,-1.099213808913175,-0.2094658511793098,0.0,-0.8,0.0,0.0,0.0,0.0,-0.5855956743913643,1.1925144472459186,0.34412471908490144,-1.0739742482544035,-0.8502290635969364,-0.024106006678075904,0.06912099383984652,-0.9999977630823728,0.2633767711315015,0.14715613784398796,12.816559189333502,0
0_HN1319_0,4.976049813136275,-0.0026395674524334525,-0.34800894970449553,0.21270951931471982,0.5109021934728174,0.4741498537369266,0.4922999445756219,1.244033507191402,-0.03147984320482257,-0.48545784172634915,0.8071277847557345,-0.7566467822368562,T34,-0.5118613171539005,1.0688364947691513,0.030625177169840014,0.484119396879794,-0.3521931905851635,0.20441904913153816,-0.27897656231711204,-0.5453741859997937,-0.3986981989885272,-0.3291262694086148,-0.13148847876538935,0.13991228520999585,0.05953917787074608,1.7898876781471589,1.0174030569405612,0.2664174650116758,0.8558525240834818,-0.044748520411372915,-0.027491298446383032,1.8136530037150411,1.6891110144939432,0.0,0.0,0.0,1.9473634239479556,0.3451240043347722,4.257389203253519,0.0,0.4976857392243698,1.5714964113861816,-0.3326192765166244,-0.5062894321583655,1.3712517566189932,-0.630910982328954,-0.5257444672674497,0.007098935507895058,0.0,0.0,0.0,0.0,12.409659087353509,5.323964082847233,31.562729451723147,0.0,0.0,0.33333333333333326,-0.0001591814685924659,-0.00015919796202828025,-0.00015917734523332043,-0.2896900821428475,-0.4493178496082454,-9.739792079046642e-05,-0.3956173957867392,-0.4765176685677256,-0.20028090016609557,-1.1681024450589148,-0.2917709591594637,-0.20899999594113125,0.08411091668407408,0.11033292610581186,-0.3918596902296888,0.10371623299034452,0.1429492768842402,-0.4507187518704332,-1.2432850809304279,0.6354417938083765,-0.40916260757179534,-0.03676738256496385,-0.7991682868756923,-1.0684983819564682,-0.9042244420209498,-1.0299834405756907,-0.6464338551348698,-0.8414170786611062,-0.9457108528266597,-0.7696448038669113,1.2816359071059595,-1.4075949062083768,0.47581867098024233,-0.8303437461735417,0.9984801449542836,0.4113362579430886,0.7365552220391838,0.7452610485727662,0.8685786417287288,0.9075564745466457,0.5466360436324723,0.6801642825498713,-1.329381921400584,0.03509629117328557,0.2250884843297209,-0.706703455441279,-0.8779663204178073,-0.9248503281506345,-0.7342502233462804,-0.7037320422655499,-0.7349658438023045,-0.6561075746372915,-0.6980512177958852,-0.8038074447341235,0.9272357094865912,-1.773765991316253,1.6584949561795481,-0.9535910446182407,0.533209274120963,-0.6951814509639832,-0.3658681786537297,0.006209900598658361,-1.196015656077575,-1.460701325931359,-0.1778497225479263,-1.3603027234180478,3.186408332704987,1.6363147702241898,1.2917004327518837,2.8240452795599698,5.027698858305492,1.9045345336207817,-0.5579513282595004,-0.38916553731319,2.8209947676146214,6.549881409104334,-0.5453228543811972,2.060467267543931,0.11780789466802036,0.6457075407071267,0.14362753792640978,0.14095863975193212,0.18875516381808669,0.09956063376464004,0.0,0.0,0.0,0.0,0.0,0.0,-0.11885164200698307,-0.15265886358782485,-0.08623523569014326,-0.16395236635456634,-0.8527333851406799,-0.42424357203714236,0.0,0.0,0.0,0.0,0.0,1
0_HN1294_0,-0.24585396743751325,0.4388094773991043,0.14347832286807521,0.47628719753790605,0.6941767470755922,0.7075207545034978,0.274768205908765,-0.36747273589378854,-0.032044041831244575,-0.15338574533565463,-0.2379765866138594,-0.43146981870898066,T12,0.48515257610004603,0.9011881690126785,-0.5951723305591813,-0.2876900511916135,0.0848892183348849,0.03987224189693997,0.13463288757257968,0.6166112869832212,0.6590743904524051,0.5512006420385371,0.5965083438363332,-0.3716794697215574,-0.18365291320774227,-0.8554017979173553,-0.684878002344026,-0.7652022529251195,-0.4232208792099017,0.21615271311923268,0.43897961753226183,-0.2963474936722819,-0.3798799758693348,0.0,0.0,0.0,-0.4798430336439256,-0.3920525959132994,-0.08817589940699944,0.0,-0.6488123008211747,-0.4597856236418919,0.5698077763023055,0.6200000793013265,-0.45155824160352737,0.10095400716807026,-0.4316247377707474,0.35674294090706266,0.0,0.0,0.0,0.0,-0.14825913643425115,-0.1651732602665987,-0.09645140219225341,0.0,0.0,0.33333333333333326,-0.0001532890598268049,-0.00015330555348206862,-0.00015328493641279705,-0.2896900821428475,0.4034760911471197,-9.739792079046642e-05,4.666564474201451,0.580488526057981,-3.3828449517519052,4.115021055089036,0.2629813613151285,2.621512918532933,1.5901297372536893,2.560162689616543,4.851616651319411,0.8490281550796842,3.7480501588598596,3.9005732779486255,2.1587380649830954,0.7007700831228257,-0.08872383196037702,-0.7128070463930868,-0.030151174143522738,2.8901737404960137,0.8937940066088405,1.5666089111621613,1.8380343752736346,-0.012571844361209302,2.9442177976869512,1.3957743607887736,-0.5065400323083641,-0.2160733713677564,-1.3449885196788447,1.4212899137503965,-0.0041180281100350845,-1.224025087060202,-0.1605528380816263,-0.24675709935915183,-0.7098426045326011,-0.009238391969314154,-0.8293102468706135,-0.30427244377797935,2.4293199069376765,0.4178446310659991,-1.130722407864068,0.40361176460051057,-0.06223803176664868,1.7473796689254877,2.1535436977788893,2.8403224586572215,1.356407154758088,0.47023472631672386,4.906362092647847,1.4579998359108797,0.4615244839675167,-0.3883403422154087,0.7044729650853963,-0.7973064449158871,-0.19516884781578533,-1.1199204637845717,1.2164250688047402,1.9233236298583318,-0.10245478274275256,0.5557833828666071,1.524728768824579,0.2400218086282528,-0.5729254135416187,-0.7335961615530432,0.04773863878938902,0.055548497435502546,-0.6069911940089237,-0.45199490385468544,-0.48908335369588235,-0.13504624185198558,-0.5888015473276691,-0.5074365128682434,-0.10629018567814982,-0.6231067736552408,0.05726475219766041,-1.5645639400750178,-0.23864422629635101,-0.0006968784289367419,-0.09775114614476739,-0.2032871417395405,0.0,1.0666666666666667,0.0,0.0,0.0,0.0,-0.05692936635192653,-0.016684584024250965,0.1807163903837515,-0.002481439027240547,1.9418795344678084,0.5682152097321077,0.0,0.0,0.0,0.0,0.0,0
0_HN1102_0,1.1280355129473951,-1.3011323412759914,1.594665700208044,0.21897040868828088,0.4990515974426896,0.5216657894466064,0.3786619682147465,2.2378694483957644,0.006567531207414411,-0.36333502332635925,-0.008773467194164901,0.061773032294325,T34,-0.541704466284896,0.7264094094914723,-0.16967918882218164,0.3388720974980542,0.04040832444555755,-0.055555151261796235,0.047748223783414916,-0.36232222325041186,-0.49732229763876645,-0.3893889219207214,-0.3073306322600259,0.663590216310436,-0.5218338499948726,2.0279276856713033,1.3998138286938575,0.2912233939436715,0.5889610250399518,-0.32637999939290213,-0.2705729292885073,1.5013558408935843,1.2752947547824056,-0.7852597957616094,0.7852597957616047,1.0046831088375656,2.349599803936594,3.290837224228616,0.8164184063622726,-1.004683108837566,0.39920567414092645,1.3616571757449818,-0.25211314647852134,-0.5638469857237273,1.5126716004512946,-0.903546314996632,0.16684298183913523,-0.7989341290695212,3.1168831168831166,-0.5734196117471381,0.5734196117471377,0.4571428571428572,1.2249762833037552,2.258780517588513,0.7359456419451533,-0.45714285714285696,0.2857142857142858,-0.891156462585034,1.2427248783054792,1.2427248200715646,1.2427248928639592,1.3012880231410153,-0.21971667866221983,5.614477121999469,-0.7749499002443193,-0.14531353215264856,-0.1686927160200211,-1.0176347882650827,-0.30430583875064593,-0.513725091468938,0.11226207701646576,0.09113374237639732,-0.6211300321265535,0.130849562481722,0.04249683478506089,-0.341250111650321,0.04958052768904771,-0.7046614061659365,0.0856218448371578,-0.10251392028434501,-0.38597474791045133,0.5104882636100005,-0.2728153213197685,-0.2330215361036297,-0.11691760389204549,-0.2395579616539752,-0.1392652513572902,-0.42261163467463403,-0.3024034567826849,0.2476517375860534,-0.2724305596349123,-0.41400677412930414,0.43982953335112074,-1.0508499521250398,0.2982233336179964,0.3099291601102007,-0.4441826446118507,0.5711185486605889,0.026572045312903615,0.45120083661057,-0.5052543862829743,-0.12902559539054936,0.7102480494859923,-0.39364838489345855,-0.5534411019594011,0.3751807809009144,-0.43990419895558003,-0.3522164664249511,-0.44885422079934273,-0.4437258231531647,-0.3158856786637241,-0.6234434622732958,-3.95012858899376,1.3023299114114506,2.516018593001037,-0.2569130955265357,0.6121146302362188,-0.49861243720272774,-0.13392934068522858,-0.4336853082163193,-2.5010652593696006,0.23789915505386902,-0.8127779377419844,0.8871745891164124,2.3589044151721708,2.9080722601019566,4.303697918697029,0.5112928035523602,2.737167887754445,1.2461617537029883,0.44851666017594616,0.8199149282581637,1.459330121109822,2.407928813309197,0.2359354445407484,2.772536551286498,0.3759292734551957,1.2587724307958863,0.5487928899054089,0.36398050871516274,0.6713547741985553,0.392130026277377,0.0,0.26666666666666666,0.0,0.0,0.0,0.0,-0.36997693579707597,-0.6998868850382028,-0.4606364618288347,-0.3693002685177548,-0.5359187369881437,-0.6734827572136756,2.3248302385582478,-1.000000097991006,0.4859102063796076,0.2179454364289126,0.5730562191703364,1
0_HN1892_0,-0.3031247426446304,0.6692728092858607,0.20550568986217152,0.9022368941723463,1.0418368381546632,1.1516552845715113,0.3531338814524089,-0.3892840208629682,0.7017295535276216,-0.069495611533204,-0.33351190157402405,-0.1716494656481068,T12,0.43951754131284915,-0.5231073056985026,-0.48875848019227647,0.6547628048564429,-0.8326528749872217,0.5099225297258148,-0.41898004993875837,-0.15770018076675232,-0.3686551496821881,0.023663536754412715,-0.26924599292506274,0.021486760262339737,-1.645188585557298,-0.7494093411511561,-0.7554554379602689,-1.446134839078832,-0.3829308846576139,-0.4470927235854481,-0.5919354482556948,-0.31554700433529753,-0.42258682980030293,0.0,0.0,0.0,-0.45995455431687576,-0.3860121861539398,-0.052568429165526905,0.0,-0.8583923746616914,-0.501102497909048,0.8447409850779528,0.6973025302746159,-0.5097187701366779,0.39784214584942673,-0.39344415569006513,0.49857942639790886,0.0,0.0,0.0,0.0,-0.15636704090295228,-0.16871727133598463,-0.1168918612991335,0.0,0.0,0.33333333333333326,-0.00014819956980370222,-0.00014821606364851246,-0.00014819544634230773,-0.2896900821428475,0.7265861935170302,-9.739792079046642e-05,5.998521473051348,-3.487589187022234,1.0057631447304534,1.3818739040430612,2.3020159356992744,4.607038217906747,0.4585561280057494,3.25905169848123,1.872561756767778,1.6052628448572435,1.086622147574217,-0.24363231604962782,2.097996424681833,0.014593011907165852,1.3473151829526124,1.0813045647338908,1.5717212557763656,-0.42460705924253145,-0.42906166729769796,2.6174475690774703,1.0559586874711664,0.9943096660191575,0.5792893571717411,-0.060461559791760495,-0.3282583612058851,-1.2835623945322832,-1.0552670450052601,-1.0022912103597577,-0.8092124870614785,1.896053095656908,0.10434319507333283,-0.7265064478180379,-0.6210601278913719,-0.4204085688195368,-0.5268578584086455,-0.2896773567457024,2.2923695516686737,-1.4618385239449763,0.23863174982376797,0.4096441815274587,1.7822559266888152,1.1260992825827225,-0.40139701296665237,5.025712505246341,0.9515560612463813,2.008566013161523,0.7633104147085635,-0.2354352237047466,0.28781352552678285,0.18232531388678572,-1.2621368984338415,-1.3365063308514302,0.29557130722272185,-1.5278641322843185,-1.2754472870887645,1.8462955892635264,0.4208027125664425,0.7649209014532282,0.9547381495466715,-0.7342180885038254,-0.6307677879051008,-0.4114579837927863,-0.5061091032688876,-0.1123134974453873,-0.5811335458780019,0.23051785703990693,-0.18446396392271647,-0.30797439838216195,-0.35044263363970296,-0.3928473343321466,0.038159486712755916,-0.32797647491637955,2.7836915883975144,-1.2526949189042735,-0.1709952995723333,1.1084546286477455,-0.014424464975676626,-0.09939541051692508,0.0,0.5333333333333333,0.0,0.0,0.0,0.0,-2.0034716339470338,0.09147200231216535,0.11849217621089426,-1.4212468800997544,1.117041705696131,0.38205131628456435,0.0,0.0,0.0,0.0,0.0,0
0_HN1280_0,-0.32359473218780826,1.8186438286482647,-0.721919887245245,-0.7559544060554778,-0.6623684297007713,-0.8549764026544608,0.00829611455335737,-0.4088825667773036,0.24773365631182237,-0.3541948047846119,1.068589780127799,-0.6690196091611563,T12,0.4914369801414242,1.4989812919318675,0.4677832774071119,-0.657791987156311,-0.7716555353909265,0.44271619632317166,-0.17711677309447776,1.9933589968782135,-0.9906144013323801,0.07402409611035289,-0.942829202291108,-1.278647160785318,-0.40340123774529635,-0.4572363284690327,0.3159894731468096,-0.19704257254424926,-0.5200859417248029,-0.5801107209231549,-0.13679646667996248,-0.34082093645101874,-0.40943604118703436,0.0,0.0,0.0,-0.5043075887914805,-0.3994828239986963,-0.13197617719910953,0.0,-1.2501978078855949,-0.2960116099664068,1.750885951287857,1.7058929589596918,-0.4851169622932696,2.129982809836086,-0.1706863887736499,1.326098994026484,0.0,0.0,0.0,0.0,-0.1604240708743052,-0.1704906221669927,-0.12711984999152018,0.0,0.0,0.33333333333333326,-0.00013985469408737023,-0.00013987118824296645,-0.00013985057054827923,-0.2896900821428475,1.1211764614099877,-9.739792079046642e-05,0.42931341959883745,-0.7387401856539003,-1.666363530476654,5.860063611788404,-0.7571119897422884,0.4497699716427031,-0.2769029407647061,-0.3419483727760206,1.107317935062489,-0.7933644750629428,-1.2319741975282192,0.7010795557927824,0.00023904379266063383,1.6052833919005352,-0.8271259690304421,0.6533566527058117,-1.0047860046876849,-0.07826330111836054,-0.6924968835319705,0.0018236874174722448,1.7427135396725744,-0.963150818527976,0.9243804511290786,-0.5002867880247044,-0.3261615638550558,-0.882224231619731,0.30292041475010273,0.46727701134918054,1.080446839818582,0.2851141655105293,0.6658602262514436,-0.011237364881124801,-0.6699012749939031,0.8574020335618645,-0.8553206966129332,0.6311863024077402,-0.20990227009217638,0.16351593286377694,-1.3354566285916816,1.8516594032024791,-0.9166687783328645,-0.3862885148870813,-0.4779482543533223,0.14281804463667527,1.4378466436008075,-0.7514851829318172,0.6155366186257866,-0.3529096231000212,-0.3945710711522543,0.020902254096069082,0.4186719812883591,-1.0091268206331965,0.21167126576649611,-0.562474643361073,0.17554679531262748,0.5933418249173288,0.30523335513537475,-0.018532863282800446,0.42824581609669365,0.5745670855548224,-0.40926372424776664,-1.0524715932697193,-0.6113728104440224,-0.15121158216975808,-0.0994309905607467,-0.5617498741039433,-0.9391631213429462,-0.23357901112972437,-0.49301431091995995,-0.8712083031801309,-0.34594911290971697,-0.16996584783418628,13.148893440665102,-1.025763865804475,2.97151147865322,1.5447112461658101,0.5878159331968432,1.609566138142633,0.0,1.0666666666666667,0.0,0.0,0.0,0.0,-5.9416800381206185,-0.41470375852631003,-2.0550473019874635,-2.2682617312515627,1.3607405568765447,-2.8638159144534527,0.0,0.0,0.0,0.0,0.0,0
0_HN1197_0,0.10045709383756603,-0.7325753667491275,-0.07660190168630679,-0.9472881472339345,-0.9075342363952882,-0.8056201835135762,-2.090561593883009,1.4444444444444444,-0.4849225842184511,1.781440786644082,-0.40358592633084683,1.2673240863506656,T34,0.5175487118878563,-0.2532576628004252,0.5571123341612172,-0.11487138847860871,0.8219649488370236,-0.8383025298725876,0.8181763226204789,-0.4667904179768029,0.2777959794283762,0.037764021688310716,0.09658756180643403,0.5053998318680304,0.24176793733268487,0.521447286197449,-0.008254113295451514,0.17469862304680972,0.6734961704002959,0.38021503478221724,0.4707602794561409,0.7857672994025435,0.6217320270125662,-4.385988754924962,4.385988754924969,0.9462553581814592,0.5330289371144339,1.077156060752947,0.013375685208182005,-0.9462553581814593,0.5940897784878805,0.5410850420277022,-0.3457226016600334,-0.33093491653645246,0.5193458741566127,-0.6085239324633623,0.19754764509093256,-0.6512687901531378,1.0909090909090908,-0.878048780487805,0.8780487804878049,0.8,0.628643078370644,1.2157128344501866,0.36071174592384103,-0.8,0.0,-0.7916666666666666,1.0021865619791295,1.0021865325487842,1.0021865693367162,0.9721694250000674,-0.2246102556876922,2.7686895160345206,-0.26799398082341674,0.23453396627530063,-0.38148444697406797,0.06807755396903394,-0.23553703272296478,0.2377577679249288,-0.6877840064317238,-0.8297227343356194,-0.20718837520917882,-0.7333594335956365,-0.7030055201525682,-0.017153748368781183,-0.3454722188220461,0.4068357690191114,-0.47281729629700797,0.04446569277448069,-0.05889536407256798,0.2369070690101537,0.23492427607628183,-0.2049387504819075,0.3281491160176695,0.12815407955283314,0.1458638133623938,0.1488939467840824,0.20111387158216254,-0.7916320199981416,-0.067694436171492,-0.0438391378747084,-0.03421219094456158,0.07168732299508994,-0.39210475474108647,-0.0421932466558453,-0.4964036961360604,-0.44272191659123433,-0.27767997886143664,-0.3805709080881255,-0.40305884488550814,0.2050765397663734,-0.6035149204342202,0.4345495532319238,-0.028935353078511774,0.4394873531268143,-0.10573668727369849,-0.2950905907029442,0.22376747418403356,0.13760924354974333,-0.12454438390237847,0.23055026118912375,0.005267514173031912,-0.9491252139973558,-0.46865386799627473,0.5129296314053546,-0.6628542425328081,0.4597256062220456,-0.2218520203526746,-0.9301287935975395,-0.5590950309750792,-0.4103849919112894,-0.8810089857003041,0.07067982003034909,0.5258591089998671,0.3949108404741448,0.08058417175187246,0.2157164100410504,0.7488311519334472,0.14658134115425497,0.6642565218741245,0.9183008086555409,0.6696919398720877,0.02840711214824309,0.8179930038479587,0.23093460647845937,-0.25491025457333516,0.5892275470860014,0.11070403078438319,-0.372153383288143,0.18075387231658663,-0.007714474148199955,0.0,0.0,0.0,0.0,0.0,0.0,0.2949829422770214,-0.2600532488404544,-0.08815737884322113,0.288054790668113,-0.37754529637066736,-0.09108968331803491,14.019053548734625,-1.0000001573440194,4.888521151590348,33.4046371592846,0.10670316921189604,1
0_HN1057_0,-0.04107311258158707,1.6599679286905296,-0.6961774259886676,1.6084429635406738,1.685277708876294,1.791241814007267,0.8017878764097265,-0.3990832938201359,0.9273452097219744,-0.2660735988042134,0.9676385377052524,-0.509130195181557,T12,0.48617740129932463,1.323781854218415,0.5399124460497243,0.8483833731691969,-0.5533637320894754,0.7353735275611308,-0.33833338826246834,-0.2830135311059834,-0.35568997359315147,-0.560537807088187,-0.45258402431151246,-0.28179869952920256,0.12002050224576842,-0.6263178941365266,-0.6689058336308507,0.15942225072896601,-0.609715258293038,-0.7773925197797159,-0.4018884180565437,-0.28962224134964365,-0.3663970966345191,0.0,0.0,0.0,-0.40872722688684404,-0.3704537292470097,0.039146754636089624,0.0,-0.6819903772017443,-0.38151081418866123,0.6871579077178614,0.6892472078426561,-0.46010512269975956,0.09486075323246701,-0.43240834597773076,0.3538319262492598,0.0,0.0,0.0,0.0,-0.14675030092018834,-0.16451373969819988,-0.09264754747945238,0.0,0.0,0.33333333333333326,-0.00015375722765737028,-0.00015377372129519816,-0.0001537531042477214,-0.2896900821428475,0.36760742689303577,-9.739792079046642e-05,-0.0956688331715718,3.8048762782751044,-0.6301516152938507,2.6674354796922657,1.2727470410459192,-2.143977128236141,2.3661125679810557,0.7929129974245585,2.0819871200046167,1.2534690593803717,1.9763589277721063,5.3543590069920555,0.44377662651109867,0.5428004875795485,0.6687208321630972,0.7589520093455357,0.8510847145875133,2.365205815942534,0.7969729865744367,-0.30799553625103643,1.2929266188398088,-0.04353496117162351,0.25395260164221645,2.551221614144432,-0.7104075060074238,0.7215332182025785,-0.6240101305260735,-0.594963428813481,-0.36776069817214574,-1.6614579063929193,0.08581318252668675,0.1537147504841276,-0.8311256235234182,0.22410888998963396,0.10601603814081131,-1.2761347151168092,0.005135477452452213,2.0398855773998155,-0.40103851717208994,1.1269540085708523,1.1121980826133864,-0.027494019510698783,1.8508224123832797,-0.028100444076730093,1.1047628266163259,0.20131227805485602,1.0061875419945447,2.727774199443003,-1.8339438824744312,-0.0985372402878334,-0.18749864405924824,-1.220037288258189,0.5264996654208856,0.35211455576872397,1.596382449344176,-0.4988342893199577,-0.19643902229107993,0.43818824698665565,0.28283376180577097,0.22086018732709045,0.011001738922834953,0.09301221883419729,-0.7651331258931556,0.35821004998824774,-0.328245048539488,-0.873361992400918,-0.1232608095345969,-0.602793269234676,-0.40278184319779403,-0.572078997716984,-0.5223469434206751,-0.644607468918905,-0.1508849545528387,-1.9061799154718744,-0.90293891477195,-0.12116005180531239,-0.7633369640462274,-1.263696694696195,0.0,0.0,0.0,0.0,0.0,0.0,0.17072492921682192,0.5482325352855966,1.0534541495386325,0.037358112825787215,1.4529957562793845,1.3680191073246084,0.0,0.0,0.0,0.0,0.0,0
0_HN1357_0,0.09761060075388725,0.9095975687141901,-0.530327254343436,-1.0816169609198485,-0.9828343315610427,-1.0940730242489556,-0.2867334558844715,-0.2170064801643749,0.5499845423929742,-0.1707250258993833,0.41361105945396187,-0.38843921017137256,T34,0.31417685497692543,-1.2283850095842026,0.6956916060780813,-1.24088984892754,1.0023623029494002,-1.8298854569009808,1.1462093986234634,1.3618352388534232,1.3982400470954706,0.9436345884500791,0.8232686940289831,-0.07783862457992145,0.4443673815896581,-0.20817078613401596,0.28506589422391115,-0.035142614965832174,0.45072310831558704,1.7328769151341201,1.0114821116588588,-0.013778424309819962,0.07601402939064197,0.0,0.0,0.0,-0.2261244252580903,-0.3149947005848952,0.36607088584214514,0.0,-0.15396651451071433,0.1326409886365165,0.07525065617337251,0.2546071030455607,-0.1602055638823261,-0.10128676576207934,-0.45763342395543755,0.26012365331015463,0.0,0.0,0.0,0.0,0.15899635878160248,-0.030870139111413543,0.6781560700057954,0.0,0.0,0.33333333333333326,-0.0001588715810340306,-0.000158888074481386,-0.00015886745767199986,-0.2896900821428475,-0.27669052239200415,-9.739792079046642e-05,0.4585144908631922,1.3442203455394452,-0.32530763355941744,1.4997265962535828,0.24503088402675138,-0.2497666756742767,-0.06936422186183946,-0.6325871378788327,0.8594313602503211,-0.5746360497899039,0.0010221416056485316,1.7444029940766672,-0.09543360032775879,0.9139691901970243,-0.36427107607868064,0.7300971977669294,-0.5834624091537391,1.1708242925692836,-0.02725154445776895,-0.5467930028296081,0.2299926487785412,-0.5753879882963892,-0.18080321881323833,0.610488130986134,0.20112123580171049,-0.003926029247439465,0.19153581581873164,-0.6564476617805175,0.8465845349138772,-0.7497039192367942,0.11074930290226451,0.2096881024316793,0.04058328122745414,0.43431414948436564,0.08458334829729706,0.00917376344954026,0.09698873031501444,1.3527827209235623,-0.5326669148781291,0.6870875635501781,-0.43748899893414567,0.20604090125765748,0.15056296013106688,-0.32977586002098147,0.26377765114765134,-0.38210046833390915,0.19124073984339443,1.280289208832374,0.8937537867760822,0.20311237859538345,-0.005363817906130121,-0.8901793051844936,-0.14674241827983786,-0.20659530809346377,1.4992641320025761,-0.006209900598658361,0.36998147880796306,0.17169889805587019,0.6226697853592504,1.1635299983044933,0.2228310937403349,-0.42241954271225185,-0.28025733114312684,-0.15600490911841913,-0.27315034022289364,-0.2813831577207893,0.18984431358989984,-0.47505045495991405,-0.3039633555859668,-0.4718339024685656,-0.34790719315537055,0.12066477239606577,-0.0036736311242267345,-0.4486332464310197,0.09357261992495587,0.0006968784289338392,-0.6360911907830032,0.1221141269743968,0.0,-0.5333333333333333,0.0,0.0,0.0,0.0,0.0012244591863638955,0.6122099910303458,-0.082185531848432,-0.0017780767667025241,-0.13186709170857172,-0.20566298596318097,0.0,0.0,0.0,0.0,0.0,1
0_HN1500_0,1.5838897116892665,-0.3314234480850832,0.10510270742793128,1.8310325447050282,1.955378897419964,2.1498176713890107,0.6982565763943763,0.30962541488857276,0.36840026078954075,-0.07007409409639498,1.1167673476363544,-0.1725052353689622,T34,0.4331522503217831,0.5205482720270268,-0.3145206999831602,-1.6152909751192444,0.9024098374459479,-2.421216659635055,1.267162686821887,1.0144383383947169,0.409307110732487,1.739838963532634,0.8581611524171138,0.011758717867620314,1.231913884131804,0.20496824043190967,0.7241209880878442,1.1203839049713398,2.0239699153928736,2.23171189495183,1.3730345453148332,0.3017660757959005,0.3024334151615133,0.0,0.0,0.0,0.15473698868756303,-0.1993217542560178,1.0479486322594054,0.0,0.23406312033799923,0.11958156133608686,-0.25056032769436165,-0.21964332587133567,0.2582837870871863,-0.4320248332945308,-0.5001671943873445,0.10211557213455294,0.0,0.0,0.0,0.0,0.9511655519937098,0.3153915121460492,2.6752568081915085,0.0,0.0,0.33333333333333326,-0.00015909719096780274,-0.0001591136844067558,-0.00015909306760787258,-0.2896900821428475,-0.37146302581290086,-9.739792079046642e-05,0.9243486448964868,0.17725592128907633,0.32001754878479094,0.6040170453419759,1.157839211094204,0.35845559297998525,1.698328340316931,1.7936286430586583,1.315613779716776,1.5892290770780646,2.1851728994751785,0.9349073887185516,0.18568481796361486,0.8871797517777312,0.9213323171246651,0.7695624912007515,0.6253817432055041,1.277506208130704,0.0909784135532489,0.15450450071798247,0.7348624979710433,0.33005307431806535,0.7007148537561193,0.42005618302139874,-0.013053320709127882,-0.7825523335781638,-0.6666895550496373,-0.47547504299178384,-0.5413093497675076,-1.0912376245263629,-0.015202389085739258,0.24469508576187338,-0.4646543972720803,-0.23487571890298548,-0.15307783606500353,-0.3955954227164723,0.5072420116491512,0.7793728984887859,1.0673225694710267,0.9908110910250368,0.8622903927521504,0.5574125571896661,0.3245581784327894,0.4161797274301707,0.8644427211711927,0.49453641737083964,0.9687589062729998,0.5722309189758001,0.769821731691003,-0.35113277077567767,0.17946334355973004,0.058354709425728034,0.49106147642497955,-0.6713540508066412,1.1521974880533068,1.247666804432235,1.0790895802734444,0.47471817495511726,2.1934629706808093,0.45820788161341336,-0.016517621479826248,-0.1821166277479876,-0.1832816087138355,-0.4913854933254263,-0.042253321289087875,-0.09609211124477823,0.38554434990209807,1.0468205774473682,0.1498548965050861,0.18267319200669485,0.9987579180130611,-0.06971155203329565,-0.5075603080487153,-0.5190047429408143,-0.4936202368369423,-0.9493028686229512,-0.4802921829447928,-0.5436466662330184,0.0,-0.26666666666666666,0.0,0.0,0.0,0.0,0.6496769688419545,0.4276478450835881,0.532603365636087,0.6758019571714448,-0.04665117827583399,0.5403494352219951,0.0,0.0,0.0,0.0,0.0,1
0_HN1703_0,0.448341317433859,-0.9729344673044176,0.37631500311744553,0.07330516686588415,-0.21808565032719904,-0.2254665153229195,-0.6820977283592051,2.1831831831831834,-0.43582172316355466,0.6968811818934543,-0.6103854819409316,0.7595789717670827,T34,0.5044847874379769,-1.379925888461443,0.4152638092712135,-0.004371077787617452,-0.31444304164020076,0.2819616555683829,-0.27957390675829774,0.5861749662204369,0.6169919266976823,-0.48278240383480586,-0.37663477164496517,-0.6965211375948676,0.4207030619421177,0.4970604215122442,0.6720954804600707,0.41571338722826556,-0.00493029366009041,0.05653298101754087,-0.14984427954594198,1.1167484402925638,0.7877132988215494,-3.208632888018758,3.208632888018757,0.9660784254847681,1.0077515428810344,1.6591971575954743,0.21801401080872207,-0.9660784254847683,0.6563412063505148,0.6828450848705778,-0.3245665936369128,-0.5087746592747932,1.5003985613861366,-0.06945398678490988,0.4582143222105264,-0.5714337998469254,3.1168831168831166,-0.5734196117471381,0.5734196117471377,0.4571428571428572,0.6012375952064468,1.1681936786580744,0.3428663327710001,-0.45714285714285696,0.2857142857142858,-0.891156462585034,1.192319513460095,1.1923194608020762,1.192319526624601,1.3012880231410153,-0.13108694325556788,3.0892995120434508,0.17721182467098054,-0.5373129461415712,-0.37840698864356725,-0.3605240803582563,-0.2804694630795918,0.09159121547676664,-0.4589446800556625,-0.19334273613455016,-0.3414465711566623,-0.3086195681687038,-0.2845537272590114,-0.5403172511092329,0.11616671722765615,-0.7929906443401977,0.028238733982810647,-0.6217859778335281,0.3626537807800159,-0.6132192981225515,-0.31618478966319574,0.6994490783896979,-0.21243062948977903,0.645889475253287,-0.013241324453163495,-0.5829283652546291,0.23926200723590998,0.1627261722445966,-0.2647750547452151,0.2160145888507512,-0.9267687633096876,0.5788370184407454,0.013291105572661673,-0.3045765285247347,0.03134559615731656,-0.8109784975978219,-0.20309833151455217,0.20292115478445896,0.4053698643453171,-1.0457862986833424,0.12978286218503063,-0.7749778470233617,0.10630203309770117,-0.16082663131755853,-0.456885977941029,0.4883096635762518,-0.32416496130583883,0.34813351271060294,-0.28793527271992936,-0.6970879539093422,0.5996327935275619,-0.8230181716433533,0.4141434925966006,-0.014058975577323808,-0.7314869339385738,0.7934922828156086,-0.29539390303737173,-0.6448182923043356,-0.34530098525437414,-0.2801573394293212,0.0076269508292378715,-0.6772855237686549,0.6111200768550489,0.31917192527173177,0.2899871293058249,0.6054070222546526,0.6568148470843346,0.5313078013324354,-0.022613494342893618,0.8077059957932717,0.45245013079042495,0.5996822236514826,0.7364253154954203,0.5053228642259918,0.6768965195524586,0.4915757986986423,0.5147965917948428,0.5313340928109885,0.3943963257393955,0.4252593211735027,0.0,0.26666666666666666,0.0,0.0,0.0,0.0,-0.6279015192834767,-0.38169410062858183,-0.4702240706883838,-0.57290257053733,-0.2735827878939954,-0.5370318636226536,7.544132900702908,-1.0000001472791575,2.0873845154866593,6.081574474899892,0.18242727863267166,1
0_HN1200_0,-0.30287722924453336,-0.1687425177656362,0.47065045484830476,-0.3352196110638612,-0.4626937788743952,-0.62621263325881,-0.0014586368771747473,-0.2726410621147463,0.978390484264283,-0.17953903160023357,0.37051149389349053,-0.27223545458201576,T12,-0.5014391642343022,1.2878806001077663,0.1252756985613653,1.0754743896878654,-0.7433649286667601,0.6530973980473944,-0.4217279818775505,-0.5682396484570214,-0.30906128864260424,-0.7723203906372978,-0.5410953747669986,0.30414702138728156,0.017598580109386263,-0.21651057356493836,-0.5947266121667137,-0.7930991716313295,-0.4834534698161503,-0.9931137294213789,-0.7954984404383179,-0.21137642718635252,-0.15856936070357744,-0.2131172392748691,0.213117239274856,1.0133789254715777,-0.15062433757904792,0.2536108196201982,-0.3029288599395045,-1.013378925471578,-0.5977388297829979,0.1322855271101703,0.7111927256455169,0.6621041856094865,-0.3466776012335693,1.0158868004623218,1.1876042826634845,-0.6006901997147969,0.0,-1.1707317073170733,1.1707317073170733,1.6,-0.12292359193727186,-0.09791749866791027,-0.11358726206627487,-1.6,0.0,-0.41666666666666663,1.8040279612447492,1.8040296860249723,1.804027530049674,0.34123967142860995,0.3180130631496684,0.10072162483744108,-0.4469570202549569,1.7988367498635078,0.40913480057998214,0.1975684371631047,-0.2754314379783939,-0.23348511209649428,-0.46623381729999497,-0.5170181347765059,-0.31367083727890455,-0.43959990668412097,-0.6220759349184122,-0.12181003875299341,-0.38224923636546426,0.6279833979541838,0.40945646973720734,0.26809424639901797,-0.25684714249799795,1.214226963244372,0.07709698546578385,0.6413045807772246,-0.36114031551495734,0.32481683949647017,0.6414323421808706,-0.008693489160270991,0.08636996796001542,-0.13183306475456918,-0.2400510620825504,-0.4199472136904973,0.1874974479181748,-0.6897995487922497,-0.27206228757222456,-0.6480083036932013,0.19251150464370292,-0.0663043909519041,-1.04212049840928,-0.007777153155746518,-0.5232397061264755,0.5045926192411404,-0.08620016841579799,-0.4005904192361391,-0.24623663220651756,0.4628497052062799,0.016127319785052826,0.26102813602836344,-0.5236761393829772,-0.08443742363100845,0.18317622262857483,0.1800101761817671,-0.33658921861119484,-1.0784022963519908,-0.6065410969196001,-1.0130120845692903,0.504744386228029,0.11344791467748275,0.053589381783131676,0.14556161694120195,-0.6689464416501419,0.11933342591930847,-0.6074552472368999,0.6633886618308321,-0.2843377348635958,-0.3333951263498497,-0.585388134197247,-0.2975878745045097,0.4057944778288755,-0.4771866364498011,-0.7657513925100462,-0.3776016803292707,-0.3088916330556339,0.6379817859556044,-0.6852231846328936,-0.02573510324981471,1.0759521073824028,-0.270932906649114,0.7284203201004645,0.7556053862622173,0.07541220226311167,0.5907435741796966,0.0,0.0,0.0,0.0,0.0,0.0,-0.9521314952209533,-0.07956770155145866,-0.6698118981876534,-0.8065260818223466,0.09302756285254078,-0.6193878673961357,0.10551576668601109,-0.9999985941005113,0.2354313475014327,0.05824061143231638,11.094982613458177,0
0_HN1118_0,0.7425003878896071,0.9016478299065065,-0.43597640836968027,1.3817170270884311,0.5100568130655628,0.41195353899853254,0.39419036193915247,-0.22174806385332702,0.03668748142372417,0.07460085869711255,1.994412300300159,-0.2749383483196131,T34,0.5161005407365584,-0.30768334129729935,0.37366390971487423,0.2543242745741854,0.18240550675264888,0.033196993091247615,-0.007442317647569314,-0.09509285993383369,0.4647363174523205,-0.15762339726550093,0.05300094820944675,0.09575619638738345,0.5037737138987082,-0.19339528782288287,-0.3989019733033306,-0.6441093803241572,-0.0427994741177568,0.34226651262826074,0.6832126754766641,-0.05836033890021223,-0.08783948328073951,0.0,0.0,0.0,-0.0014974668758094857,-0.24677234686365368,0.7682332434815817,0.0,-0.029927879679706847,-0.19214218114843018,-0.07373034474129937,-0.03395363560421896,-0.043859359935512925,-0.24773163510144663,-0.4764666127077425,0.1901605160911385,0.0,0.0,0.0,0.0,0.08899187073245775,-0.06146949823195918,0.5016710262080545,0.0,0.0,0.33333333333333326,-0.00015878417053373053,-0.00015880066398434132,-0.0001587800471708859,-0.2896900821428475,-0.25014440447834824,-9.739792079046642e-05,-0.05322958251542566,-0.7120800713103819,0.28151527011642585,0.04480103598488116,-0.5458504528624285,-0.1246125217771028,0.09116123371451995,0.05066511548617087,-0.12242570924839549,0.004058651902786658,0.15828113160755536,-0.35272157511225183,-0.14039388162414684,-0.18574414068178782,-0.4727730667002768,0.08083809304501029,-0.5754837781831321,-0.49977392123124026,-0.38362231929276247,0.5091626101611095,-0.13456652431221613,-0.2876140191776839,0.09078852952287886,-0.3336370543524942,0.09478172263352103,-0.4260055506660828,0.636185712307725,-0.013644245143481093,0.5642532799029737,0.4995722501243864,0.12639651928020715,-0.6974681603243355,-0.053833233076094104,0.3169753522732262,-0.467988380242339,0.0168682457812696,-0.0051354774524525115,-0.4206759858747193,-0.07629791393062245,0.5472145902137873,-0.6111570492589125,-0.36369028981580565,-0.35629916561485003,0.8725601340034533,-0.21856456341349603,-0.1969891094092936,0.18935432647934,-0.42625238210794736,0.5655192437313175,-0.22724696525204732,0.7908652465149949,1.0086669780482467,-0.8549209857560547,0.8125521645727444,0.407863007879449,0.6221323085842022,-0.15749786112790362,-1.7844666973892167,0.06200432622561965,0.14286033054486064,-0.18131190401723946,0.2251334987878316,0.5733702399711517,1.5459593259134023,-0.05479091342570013,0.5516959800635275,-0.03738702822963426,-0.11031393037031609,-0.20561604844216952,1.877678572440958,-0.0639599168691079,0.1081694200933943,0.008979046621318378,-0.5943829437881709,0.15727543189336662,0.010491983521590566,0.09648797869371505,0.18854785467961077,0.0,0.26666666666666666,0.0,0.0,0.0,0.0,-0.017729365110504616,-0.03648039185711534,-0.20540457117857655,0.045401088264010916,0.239511237178499,0.06960782197917904,0.0,0.0,0.0,0.0,0.0,1
0_HN1805_0,0.08873840876140104,-0.1435044099763229,0.14902658792091789,-0.5216583526257549,-0.35423720256098346,-0.3160616514876732,-0.7308092782686851,0.3020388809862494,0.004679156039187043,0.5157267784525232,-0.5289183795344098,0.3448963236978091,T34,0.39586158521586967,0.08934405550130188,-0.16630138553161705,-1.3389502887145663,0.8179780245047098,-1.274096355799193,0.9892412639048876,1.7720189603421852,0.8327734425345953,0.9179481686091088,0.03688738233417445,-1.0876653956259825,-0.32701113247269464,0.9194629808195528,1.9932809774499227,0.06719400495104852,0.9966296638057093,1.1391797669934847,0.5114492872430374,0.30020081270252635,0.4943214737445218,-0.4423571981374548,0.4423571981374543,1.009922615961654,0.40469393303991935,0.9281449846038209,-0.054230614773250314,-1.009922615961654,0.06938166131953331,0.724113659473074,-0.013647809580950267,-0.01858284302480768,0.3218897632538728,-0.1607346586947781,0.5672617367455967,-0.7272194365833602,0.4848484848484849,-1.0406504065040652,1.040650406504065,1.0666666666666667,0.2598262772685086,0.5712907195259826,0.12764643688803115,-1.0666666666666667,0.0,-0.6666666666666666,0.34865023658788385,0.3486502880168854,0.3486502237306327,0.7103099178571526,-0.17149645875716843,1.335382991486379,0.28148853687228104,0.8885180359924728,2.1430139431154105,-0.5348692917178152,1.3433491900419483,0.08088755700094023,-0.24780919920599184,-0.17543944118733817,-0.35976124978915497,0.13531604971269534,-0.4116665805357698,0.10647682508387024,-0.3569071104751321,0.012059331256026184,1.142559030485056,-0.3476945526914293,0.7444575835913355,-0.4148473364391762,-0.2169236552663196,-0.340521073316891,-0.32985693204378086,0.2988361179582183,-0.7202578617608002,-0.0777600896567403,0.3881574094894715,0.003926029247439657,0.23346179513537976,0.09855037489285325,-0.10001974492719702,0.3896472454761929,0.25891913808277106,0.24994575328285196,0.25129554580919145,-0.06354589556907182,0.22300742815222593,0.049377096636916924,-0.1396902019320305,0.32707180127503227,1.3637990353178797,-0.49225715100875544,1.3137588236857047,-0.27267536349668525,-0.1876400265324286,-0.19803419732065414,-0.42476518122904433,0.7884946419915568,-0.6478129220474755,0.04014992145300463,0.8724941503665455,-0.3134048584099294,0.03449445868831586,0.265863209689911,0.6198017392937478,0.2460969705761071,0.03421644720975261,0.062460966099060856,-1.1451967117549107,0.40718931661041025,-0.5572847404940295,0.43634223852386217,0.08784849961347264,0.0006619247761757397,-0.44449482783994226,-0.0164011433358494,-0.033449887175345534,-0.18711732473344364,0.8956651393710733,0.623979481817134,0.7877077204009408,0.20029014063220082,0.031924385309869546,0.18398754017329372,-0.6253302123875661,0.17701008666211906,-0.8834035552847849,-1.3479645143255277,-0.9305555169575545,-1.3413772563571646,0.0,-0.5333333333333333,0.0,0.0,0.0,0.0,0.8414887136270092,0.9186392382985524,1.1379302702271277,0.9421312439980739,-0.9482400835341832,0.955375678049696,0.6649585574337641,-0.9999999193907397,0.38391138586088264,0.1542983423861557,1.9646111822724868,1
0_HN1839_0,0.9968019041997883,-0.9722860454155706,1.9734205335128094,-0.4828453572423209,-0.22714162337673885,-0.27642447665542014,0.0948022965407532,2.7120278172909753,-0.676501101961248,-0.3385931739950892,-1.729834507471263,0.04644567967230604,T34,0.5096366068547403,0.168195348457109,0.6460477568024675,-1.4557224745936348,0.7076518068998319,-2.381363771767396,1.162210835586821,0.19258478070096818,0.3200185461009139,0.5193123420085942,0.05320038754029092,0.8498823997154998,1.0173174258282904,1.6247197126762123,1.420748114177574,0.948701139983208,2.252800542912869,1.266243168478351,0.34240973016018317,2.0311321690188295,2.0077048357627225,-1.1090374745291853,1.1090374745291802,0.9997134022625732,1.653290849320205,2.4441698017584077,0.5058667376256057,-0.9997134022625735,0.6042912619362012,2.1944373454708903,-0.28805797240493086,-0.40843218201530046,1.829873666654784,-0.23277295242718704,0.5165594432454594,-0.7231509502788164,0.0,-1.1707317073170733,1.1707317073170733,1.6,7.000367058788184,12.356505607150458,4.376105753989059,-1.6,0.0,-0.41666666666666663,0.0001793739782229807,0.0001793682844118212,0.000179375401675837,0.34123967142860995,-0.4206496032199271,16.772532821800894,-0.12103938923439234,-0.049677261601429275,0.10570133027958965,-0.6022966498394752,0.06248797474446295,0.03368271856093995,-0.37661469896120814,-0.28729536085955687,-0.2975185229610795,-0.29511157956397865,-0.27623841513421044,-0.3774519162930446,-0.29664504326566904,0.12046067737737336,-0.14785701061439943,-0.21201334374049646,-0.3439564172499125,-0.3396415946406811,-0.991463396238612,-0.5614291075191516,-0.30466969680951833,-0.5751261764313086,-0.8109305833623797,-0.40797846324891907,0.7680355470454122,-0.059762907016239195,0.11617373119712791,-0.42584052580222503,0.5985939298255609,0.10466656822348717,0.9600599766938911,0.8328650639511226,0.3997255247861046,0.8054746425718087,0.5893470500441569,0.3000197716701958,-0.4062246681157286,0.9351270464895945,0.671598107773998,-0.6311845197703696,-0.12174127564038646,0.15477024440255954,-0.926624842809852,-0.7250214022276116,-0.43287079372711396,-0.5362700068468629,-0.7937439811667332,-0.6269715124599378,-1.1134441569716649,1.6829715359436808,1.5722183690070024,-0.8678789138191678,1.1754954241217055,0.6850789969933809,-0.24281233276283684,-1.7290092619411181,-0.24505764120377335,-0.2613070550194258,-0.7467537666071199,-0.10824832495830133,2.655745899116254,1.6659686569442842,1.4757474452727932,0.8398980139518551,1.3292460833877517,0.9248243749216074,2.359530594641178,4.136354371489839,1.644792580528904,2.500020991486854,1.8126950032395135,2.5840521893058463,-0.33320358609843065,0.38690175835339463,-0.4437218476177488,-0.5156604436115487,0.014424464975676626,-0.6003104783755367,0.0,-0.26666666666666666,0.0,0.0,0.0,0.0,0.4024743676356409,0.015935302139465476,0.5506319342420165,0.36576964362203257,-0.7599314423366241,0.24691291007248303,7.424252492750846,-1.0000001470803372,1.2723048557709689,1.3587781726648795,0.20589256526301974,1
0_HN1175_0,0.31264156768112855,-0.6773402327767385,0.9757069819096017,0.2745829631135957,0.4342611940135413,0.45875358451877957,0.3092455282516759,0.5561877667140825,-0.16762093897470592,-0.26850178095363353,-0.5368238641167613,-0.3140333260669977,T34,-0.48970363294779284,0.25533822082907426,0.03908803310354562,-0.7135633133512523,0.6163053998076731,-1.5148035156329327,0.7678071247120144,-0.22306665122368924,0.02870064001612164,0.044513867695389696,0.2181259417332643,0.3140612007005562,0.43591233620984776,0.3781443663939546,0.0266578549047606,0.9250855613340182,1.5463345796372923,0.6617456620985779,0.44612702080636274,0.2934137462984304,0.34208703853366584,-0.07895861583923186,0.07895861583923292,1.0153932708907834,0.32470956814117385,0.8310930843443826,-0.09020403999256799,-1.0153932708907836,0.17705254174575838,0.31729748253952206,-0.14263043190331404,-0.1839339615537761,0.43058327047381223,-0.09200942197825007,0.6274655818827964,-0.7420907074722819,0.0,-1.1707317073170733,1.1707317073170733,1.6,0.4150934661881599,0.8427637423977872,0.22550515441043786,-1.6,0.0,-0.41666666666666663,1.8040274028859442,1.8040274525898365,1.8040273904599713,0.34123967142860995,-0.26490690039798664,1.367930628398367,-0.1259658211078075,-0.2930796346717159,-0.18419513630180298,-0.1335813764696516,0.17408036203583319,-0.09751762235993966,0.37610862064940015,0.12918733472061025,0.12620777940166736,0.2453312832482749,0.4397796858341784,0.15559865855755076,-0.25970774521979056,-0.12585776415380123,-0.006731475353155635,-0.09170521962001112,-0.35406255939649867,0.25742099028974474,-0.10172110761662628,-0.43387635376865025,-0.03536890160183248,-0.3810510992107164,-0.3323862465525469,0.05381848498121678,0.11624777481705569,0.10389317667728191,-0.007704816778304782,-0.15551338731588163,0.5380401162219611,-0.4187722946488378,0.28954591289038817,0.21562364453767274,0.16729592300413365,0.48695381351189526,0.39859109722865527,-0.12856291579830145,-0.11563599527649493,-0.143161592024195,0.1018189081261739,-0.2383977118606594,-0.08427659806546833,-0.0912248161651735,-0.3014746056495684,-0.30498758816235183,0.017194225954652826,-0.09087917051364185,-0.3331992543823598,0.36898460044639914,0.0742879209045355,0.5621698787161902,0.5313464884068319,-0.5702259603553992,0.5835169760697247,-0.26777175020312366,1.5467294717946025,0.5313890458090027,1.3201022354711762,0.5245825488715737,2.4516979468928204,0.8425192898084477,-0.04198958092779412,-0.3574406653979883,0.025632743159424563,0.619325497083796,0.2981306814406107,-0.05730437034439497,1.3404224672516463,0.37983357105195603,0.43403863311571766,0.17920514859102832,2.055598763243637,0.3185668528741549,-0.1175874639139564,0.14403490091051951,0.05093961758554794,-0.12199636219014091,0.08707395415952351,0.023767993479211352,0.0,0.0,0.0,0.0,0.0,0.0,0.12780303190016987,-0.04601284441301752,-0.020838282440263815,0.09954832169015944,-0.32953780337190036,-0.1510350278903613,0.11202830265911758,-0.9999986866234198,0.06795765535780592,0.004405812673056356,10.831490957636714,1
0_HN1062_0,-0.40268491552861113,1.7467827064007244,-0.6445934356125118,-1.6190636518349166,-1.344341407920529,-1.6232200406183226,-0.17625685972790217,-0.41457246720404617,-0.6314832555770682,-0.49705474747294853,0.6075442058150298,-0.8329469353839078,T12,-0.4860661419112152,-1.5329147662971077,-0.6229674099434862,0.4507522220979933,-0.5242810874873461,0.5605084887937148,-0.31930299910507715,-0.30176000103136386,-0.4356688850887144,-0.5890312932915698,-0.1880976036507189,-1.2397834435241726,-1.3853774181829854,-1.0321375916771651,-1.0574912641161502,-0.6772645754589739,-0.6299668239063425,-0.8270415287204815,-0.6348170634825464,-0.3540544974729843,-0.4917945153307365,0.0,0.0,0.0,-0.5847523632143212,-0.42391502882052606,-0.2760010100804967,0.0,-1.1009805970208004,-0.6363796519275735,1.1756848896262377,1.2864824149291911,-0.6084603607160499,0.8633661920805628,-0.33357655998010116,0.7209806813694632,0.0,0.0,0.0,0.0,-0.16438143942700476,-0.1722204104261597,-0.13709658693810958,0.0,0.0,0.33333333333333326,-8.463652052695659e-05,-8.465301673902848e-05,-8.463239647374664e-05,-0.2896900821428475,2.666413320937996,-9.739792079046642e-05,-0.11302073273655076,0.2624987363023483,2.099199594636232,-3.2882680847549897,1.8517959053769033,1.1707253684840886,-1.2339394352927084,-1.5439364527465453,0.497637535132237,-2.0738332118226497,-0.46311348762853816,1.8192388058711768,0.1261067864565667,-0.48455669375359073,-0.10542481414374254,-1.1013431015756392,1.2343191814020296,-0.6682050637868774,-0.3642103139707867,-0.7940125582231475,-0.24775340570897658,-0.5655964923923922,-0.8621976173104631,0.9338046139756829,0.4301702137376205,0.6603647726435928,1.4407390411517562,0.22286994328833265,-0.11186464121373078,0.8651914472304671,0.31928871336226516,0.4314013017426141,0.21121650765701774,0.12049880642207636,0.5366869683338422,0.13420369721178768,0.1682535435812184,-0.3713458167549146,0.419712150260656,-2.332815188046672,1.2789735366800699,-0.6487558533064515,0.10094768218843446,-0.4834518676833725,-0.35662304360819724,-0.4613642168073464,-0.6066112704517178,0.880481628016421,0.5719836591122618,0.28789344132006484,0.07972949688076567,1.0322978715894386,0.3341078263709167,-0.9534035544939715,0.865990452683999,0.07302710683135456,-0.6227427744780099,-0.2703302038138149,0.013891569219661452,0.3168282245942222,-0.4778530320245025,-0.7712926110041298,-0.5616263292018929,-0.24643893340082285,-0.6625193990223792,-0.46281715976010307,-0.6231492443383276,-0.7464427427617005,-0.46860364720146225,-0.9723075062316513,-0.726337187207685,-0.683512263979022,0.04828718548253875,-2.0919744780325997,0.6628816004475487,0.18025336490576155,-1.677497099515473,-10.017718483816477,0.0,-1.0666666666666667,-24.0,0.0,0.0,-25.0,-0.05672828874780832,1.375980322874296,6.392846158179668,-0.25346347683537446,1.759969823827693,-0.3304539957217519,0.0,0.0,0.0,0.0,0.0,0
0_HN1697_0,1.1137899250135823,-0.32727215293453893,0.5128216219972737,0.8377300649883511,1.1140846378190836,1.20658369378452,0.5397366518580295,0.3108898372056267,0.1783160886041692,-0.2912174584094288,-0.17957572818241438,-0.37636546720239644,T34,0.5195963794967756,-0.619735112415386,-0.6076491340669914,-0.16821366974740365,0.6415552475799083,-0.37213995880933487,0.6067790358625695,0.4349180791268268,0.6444687470594052,0.5209099238647076,0.48083354970100833,-0.4867474514148479,-0.5613954405751638,0.022186005847866026,0.25847547249648767,0.2810534225004048,0.017468277391381785,0.37860505727172716,0.6163874985043277,0.3730506276357688,0.3490589384267382,0.0,0.0,0.0,0.2594256308627359,-0.16752634720199738,1.2353786337981698,0.0,0.22945438488974082,0.2719661967077408,-0.14281348883437459,-0.2985759561170511,0.38411868272178606,0.020633785127022478,-0.4419541259504086,0.3183704479582158,0.0,0.0,0.0,0.0,1.2419223155088366,0.44248294401654664,3.408270098817001,0.0,0.0,0.33333333333333326,-0.0001591162952377328,-0.0001591327886759744,-0.0001591121718779805,-0.2896900821428475,-0.3835787815245138,-9.739792079046642e-05,-0.08098122833728387,2.620185213479742,1.5221215690463352,0.2497041363313053,1.1072990515807157,-0.6663053256077092,0.9986840492830485,0.6499179477412106,-0.022132817516038728,1.0902998358815514,0.6897104361020603,0.7033991995025877,-0.7227763668125066,1.230841988698832,0.11696361665093519,0.04655500264345601,0.5923091916186757,0.29542541551747054,0.02616646222156497,-0.689790942914,-0.3452083067830904,0.19099481685372657,-0.6159811121032092,0.40912776514963467,0.7969261702767887,0.5109097190258495,0.46841010353835727,-0.20200826715733244,-0.21161983875791587,-0.25782645965432577,0.15159193438460733,0.6086563754585544,0.34404579741656377,-0.05348627326345125,0.49109921130499284,-0.03658946319183772,-0.7689810460890678,1.7215091064920636,0.3478445260549539,-0.00878986499284327,0.9838069940944024,-0.4105733179763518,0.2586660859069662,-0.41165480708517915,-0.35205070849693165,0.639214191838018,-0.4444044989823057,0.8699799439326764,-0.28329872983270515,0.037112580628020704,-0.4982589108274686,-0.3357704775708439,0.7575005923862338,0.2462245859820282,1.1673279842090485,-0.3696249329094592,0.4678671729109823,0.7146986103628342,0.06982548175726914,0.9485835649390888,0.366878421811404,-0.863062849490052,-0.3172417842629735,0.23536817487142536,-0.06954757563263468,-0.5646107136453931,0.4317176359958909,0.19987973011428145,0.1602494806301994,-0.1764822733320342,0.33465108509792046,0.02693220355313284,0.42004085806666336,-0.09359072823823807,-0.35028773113409023,0.5361965222513208,-0.5923031820052007,-0.3947125042698533,0.0,-0.5333333333333333,0.0,0.0,0.0,0.0,-0.3954012562790688,0.6631522905680307,0.4272548976321144,-0.7468395980782147,-0.7925516441305536,0.12822751651578373,0.0,0.0,0.0,0.0,0.0,1
0_HN1395_0,0.5752419991891933,-1.075839471305578,1.0923460709348185,-0.8426627883945383,-0.6087734892125473,-0.7167715779637884,-0.2648881877260254,2.2615773668405246,-0.7089927404629907,-0.10037085687848658,-1.0665586322505662,0.06355191336730018,T34,0.5015986007995139,0.5054671730016878,-0.76539937260865,0.5481678402772672,0.1321366348795387,-0.016448808071511688,0.11909831715627785,-0.6678063322918459,0.8008488448466998,-0.6397332556706763,0.6407426656073588,0.8350460222710931,0.0057573645606780665,1.2308643710601879,0.12379635768946462,-0.2275592524193301,0.09320462754994262,-0.1995905576165272,0.5098930620024629,1.6580735926877146,1.2039815485376302,-1.284764601682058,1.284764601682046,0.9969942672388539,1.9048870763169572,2.7503399106926185,0.6177166908573721,-0.9969942672388541,0.722705571493452,0.8490555653668884,-0.440589734758796,-0.6118220670855867,1.587760456364534,-0.5258512245015634,0.3318298181365875,-0.726609036597419,3.1168831168831166,-0.5734196117471381,0.5734196117471377,0.4571428571428572,1.3012653426210796,2.392163960215071,0.7840308381816704,-0.45714285714285696,0.2857142857142858,-0.891156462585034,1.1725632883618067,1.1725632325044035,1.1725633023261584,1.3012880231410153,-0.22689847669784075,5.920437986044485,-0.3500759626888473,0.37898806991903194,-0.38957636853867794,-0.12578287912922817,-0.3394482963022356,-0.13718590147793788,-0.6145276691091135,-0.6569761620301914,-0.29137381273327567,-0.6426107972985944,-0.5282835420745297,-0.25450950639828085,-0.8445685742374796,-0.2534093828759878,-0.7726238782903933,-0.44874553194204925,-0.5596045897336791,-0.9889089167342076,-0.6423089625503539,-0.8651488868468287,-0.3825482587907816,-0.47123843775057594,-0.7484953307002147,-0.6104858833488633,0.79102262143262,0.46717700972337506,0.028048919014699688,0.29330202050393545,0.6368150574292214,0.4669989341568055,0.6975680723792186,0.6931592702054907,0.4336448706860547,0.61656726648406,0.6203254846778575,0.6035776954847479,-0.9190186894493793,0.4800523599054997,-0.5583880576168032,0.043705376003605335,-0.47379000261701215,-0.7731807180311949,-0.749075058905228,-0.7911672023731549,-0.4410813284511249,-0.5410350719641657,-0.8354299188570781,-0.40907055114001745,1.8835811959093993,1.6680678220485083,-0.40103097589517045,1.3180298369948489,-0.09757037523350101,1.336675297506791,-0.2897987594160873,-0.0773441344326578,0.7794824998338968,-0.5363192244215689,0.06614882804839103,0.7164398453303049,2.137887858042342,1.006204711117873,1.406648836214246,2.0737651570875886,1.5028386467715893,5.479450510735677,1.7094983521608056,1.795539538964102,1.5104569799220335,2.112984128425597,1.7716585757235328,0.9803385231410723,-0.2045684274648215,0.6017782396728336,-0.16025074698505232,-0.2845697992790438,0.19185153732814553,-0.216330328300624,0.0,0.0,0.0,0.0,0.0,0.0,0.2377504642792033,-0.1725505877758439,0.1960329933481907,0.20065985299149938,-0.7675110880978945,0.028304353081446795,3.330483551339789,-1.00000011952525,0.6760282344231483,0.5710532021322944,0.39461187291418565,1
0_HN1092_0,0.7523494907614813,0.23957039509720343,-0.4085140199596008,1.6071051964084362,1.1298370891110607,1.7596309735705855,-2.30950272011212,0.6516516516516516,1.2305391062092033,3.010027408470219,0.00010548696230916302,2.658971652183024,T12,0.4682686360968303,0.17592149081875827,0.509378138513055,-0.4017102984728372,0.9391586163531052,-1.23865278900411,0.9835929235376324,-0.25678817604319154,0.2935413151837817,0.014071147930592685,0.6649865193204779,0.293868200532079,0.4028359685998748,0.7883944788383657,0.43962650352417315,-0.26478700755526585,0.22179525701609556,0.5470932939433225,0.06817302353981304,0.7536936248875532,0.6762779352832516,-5.05704585971555,5.057045859715551,0.9344581207149663,0.4676805896755473,0.9967140859534221,-0.014321492223502742,-0.9344581207149663,0.5665831077612408,0.7743326690628239,-0.2625510873377991,-0.2489822542085308,0.5847025503688502,-0.43975990721422314,0.2636467698605704,-0.6118739867617261,0.4848484848484849,-1.0406504065040652,1.040650406504065,1.0666666666666667,0.8781674612969661,1.651917154377383,0.5180784232317156,-1.0666666666666667,0.0,-0.6666666666666666,-2.4910984502262706e-05,-2.4894484210342414e-05,-2.4915109575434834e-05,0.7103099178571526,-0.28878037074668306,3.191418005094602,-0.009893702795001994,0.10279894290170175,-0.11391726557730694,-0.01826197250927969,0.004250213213970104,0.09214388563405601,0.6166810014898729,0.6955812204313049,-0.0007263833129273293,0.6695370144998984,0.6472317630221902,-0.21377960529225537,-0.0635700438868815,0.3098335176209409,-0.18169616766744465,0.7774459002091739,0.37805862923597094,1.6661310717082753,0.4226326364051969,0.10827896380242957,0.28730830404891433,0.6307836515144114,0.5008920369176838,0.08893430224662581,-0.06337914442824787,-0.6108707181841561,-0.4049296104340865,-0.8562703537094021,-0.7589866582073745,-1.6649664242190512,-0.7933334319080506,-0.10470557507786629,-0.6232219506971288,-0.789475904037633,-0.8012236917356105,-0.5578477263431357,-0.03893574534870503,0.00022663057702769339,-0.20168287948243943,0.5415827917351923,0.4586434331423169,0.6572908857667422,0.07122914322976585,0.01131148446611734,0.1840132609204827,0.3965174758836625,0.42424113729183405,0.029989460565225973,-0.38741137156615935,-1.0323545542392627,-0.5582207781828282,-0.5065997616556187,-0.41197558221321007,-0.8650583848986493,-0.3609548327709276,-0.5359731627206837,0.01661203208220966,-0.39167559261600027,-0.18391630150505364,-0.4592379406018349,0.235276376283507,0.2516649967353871,0.15377784061828806,0.16166450856101258,0.3435646996514446,0.019797151950383462,0.357182471552814,0.5616146258579584,0.24522056883764234,0.3733589020405381,-0.09847549434442746,0.11780969528891276,-0.3983056376364232,0.7207013950850704,-0.654311430098554,-0.6740592378770084,-0.701010353556274,-0.9418700499508519,0.0,-0.5333333333333333,0.0,0.0,0.0,0.0,0.4803416363200177,0.7525477823075458,0.7832478365636985,0.5245107143799898,-1.4100329202637143,0.6840993671752876,16.834069674526265,-1.0000001592963745,5.826410037938609,49.75155979936226,0.09150328984024747,0
0_HN1640_0,1.5731348209569274,0.10584726422537354,-0.14565640613744865,0.06834855169021864,0.28875526308107796,0.2104336370519312,0.3994347107525628,0.2900268689742374,-0.24295212639923983,-0.44406014593315496,0.49141575144381194,-0.7355566251867793,T34,0.511603003168721,0.03752043205494073,0.4879562702218126,0.5946268587909778,-0.22768588014977223,0.07732881041415766,-0.1328122718725079,-0.7101919221277785,-0.13123314561261282,-0.9841956027589365,-0.32698471729485484,0.7743549320567683,0.41558342302354495,0.32072496236216924,-0.4469366387894776,-0.8400363617749644,-0.3642452432590349,-0.46385159983927327,-0.47882962122363193,0.5008118501836616,0.32501557742672194,0.0,0.0,0.0,0.876777713232267,0.0199721277685896,2.3406590094368713,0.0,0.3696742817562609,0.07560740493887214,-0.33796915152349977,-0.49319152152040646,0.6267222846763274,-0.6106112462992173,-0.5231338687398629,0.016797009764542962,0.0,0.0,0.0,0.0,1.7247328455032864,0.6535221674461884,4.625461166227744,0.0,0.0,0.33333333333333326,-0.00015913503774452932,-0.00015915153118207286,-0.00015913091438495152,-0.2896900821428475,-0.3971223182966369,-9.739792079046642e-05,0.0684459455362834,0.3383705443148222,-0.4838511884372275,0.38294530889496425,-0.26404376300502735,-0.21553666740513341,-0.07342394766296301,0.12998838706110552,-0.05009215971829179,-0.016005357019037263,0.16359774563429905,-0.2163458415124212,-0.5221824640865016,-0.46869515579543675,-0.46522209814030435,-0.18434358238625792,-0.636089050740457,-0.18323651475044,-0.35666598338400507,-0.42256062167178077,-0.31349384267440134,-0.5952309449763897,-0.2727366634999146,-0.4740711135158793,0.6531831848342382,0.5532782793010694,-0.40916126244994144,0.41443785959641893,0.668635596116443,-0.08800155378312931,0.16720895088553375,0.34526295931866174,0.49039649861830203,0.6391877968807627,0.1316098943074903,0.464441778276647,-0.3226992517220497,0.11703445991581782,-0.6071513035348872,0.3880044201213761,-0.5495557770292359,-0.004188415060301153,-0.378361604734565,-0.39367086404520746,-0.3575400534454038,-0.49678299314842045,-0.32081894691627305,-0.4952037028897973,2.19539151744271,0.941936746343315,-1.4602535239389585,1.0992298305811257,-0.133178139749362,0.34124158482130396,0.49535438041647367,1.1503957904087008,2.068057916947188,-0.4094085839747502,0.8948977559313163,1.587316172983124,1.2309519167275718,0.9525458606149743,1.1566425624490562,0.6658491091406459,1.1940226381555044,0.5116995268931878,-0.1644331051521412,0.379408407049109,1.2898430269983692,0.03930153822664525,0.693454936681139,2.049890359689404,1.156526547744593,0.4161267231857114,0.5123754010302388,0.779057010368086,0.4879552156601059,0.423041383558083,0.0,0.5333333333333333,0.0,0.0,0.0,0.0,-1.0104573604144478,-0.5158303822645869,-0.4864646312720664,-0.8314246520902202,0.0010460361444241805,-0.431452254840805,0.0,0.0,0.0,0.0,0.0,1
0_HN1170_0,-0.32331537825836637,1.75863658590202,-0.7225721525978316,-1.0460405614220667,-1.033364834131471,-1.2866681785296008,-0.1079614939656295,-0.4069859333017228,0.09080671072241284,-0.3450970458416369,1.0716281720463023,-0.665274580375757,T34,-0.5349984731101443,-0.09898332850464969,0.5214205563085001,-1.8406052767449819,-0.4959602402518751,-1.6137979859999623,-0.010509639597314324,2.557503643410841,-0.7147902557664092,1.7211223991047964,-0.17938103252821544,-0.5595924961820967,-1.5439691327012044,-0.7186406131931371,0.07863427683154318,-1.2259525338296806,0.00493029366009041,3.3336276007877514,-0.14661828080606015,-0.32726195999408675,-0.40571662622570587,0.0,0.0,0.0,-0.5439067125548922,-0.41150963257009254,-0.20287272981167315,0.0,-1.0150494468185625,-0.3817726235958585,1.225822461362148,1.3152113268650405,-0.521600504531776,1.5862684382512384,-0.24060946244356948,1.0663427911718175,0.0,0.0,0.0,0.0,-0.1584946303899933,-0.16964725277845105,-0.12225562774137146,0.0,0.0,0.33333333333333326,-0.00014498438520161783,-0.00014500087916617034,-0.00014498026171028778,-0.2896900821428475,0.8920982207790997,-9.739792079046642e-05,1.471399852413799,-1.3994955788719143,-0.8776890630116966,2.8104689908577565,-0.7370079045645281,2.7364005781274767,-1.0392260806975455,-1.382653902264837,0.5868940860662799,-1.264404336075571,-1.877193078724854,0.2821730990502952,0.719507595058525,1.983724129613441,0.5252020007172882,1.56774892892326,-0.3724935380822518,0.3857875938941274,-0.20037221422791013,0.2176855130310806,1.3560847323795073,-0.27927115845404626,0.3855127431591173,-0.06926422489907032,-0.7527311876198249,-1.369392580636572,-0.5426615787642168,-1.12826125112116,0.2313218200748716,0.3658135667781684,-0.12050523522318594,-0.4046912816840197,-1.028976130675886,0.02477433745463774,-1.2469175998017628,0.008616670361582241,0.579947420694857,0.47775929585900107,-0.5463267432994985,1.0312061789992537,-0.3672876355430882,0.7691580174972178,-0.32900641273347886,0.03820159414632646,1.0943468485634593,-0.43950493959537207,0.1915931873737653,-0.1972586258799312,-0.2403853041363471,0.07226424089225954,-0.1884553932689183,-1.3013834705452905,-0.08675065136570242,-1.497536042277638,-0.6940284812761135,-0.6839172471701576,0.07123137845600282,-1.1606870579332538,-0.4717914473710856,-0.24627161487643778,-0.5393303566484783,-0.9866674492442187,-0.8023175079809265,-0.25650407184663815,-0.5853357874341047,0.24222133404689628,-0.6033390186609617,-0.5448248844802712,-0.481173678085836,-0.345841081050363,-0.7190322173042686,-0.3306695521876258,6.891133629399183,-1.2169466122676809,5.0843422626382075,1.4232668880357762,0.07520178872209837,1.967007851812876,0.0,0.5333333333333333,0.0,0.0,0.0,0.0,-3.877469895602307,-0.015935302139465667,-3.263862677111165,-1.960398191125085,1.1360345555858553,-3.335894299746027,0.0,0.0,0.0,0.0,0.0,1
0_HN1029_0,-0.33488548561410014,0.19214411301303744,-0.1244089098279352,-0.2548762504309283,-0.9113759600593467,-0.9053139607825688,-1.5653264792578294,-0.1401928244033507,0.25481224243209233,1.4988227463982826,-0.24813612807331462,1.1025059530476353,T12,-0.5428091714979314,-0.1790851706804765,-0.5638972244970584,-0.05080845994068728,-0.5327282560745256,0.3499372014608835,-0.4137291051642002,0.5802163257778061,0.2853623300832423,-0.6036932104883272,-0.5534303872286357,-0.4044042880305105,0.42149684021514466,-0.25453952479819886,0.002198123814507989,1.9195310326481385,-0.533183488176008,-0.21184272530790968,-0.3191779380397634,-0.13288047350751025,-0.19130825537957552,-3.4635327464920618,3.4635327464920684,0.9617805426346314,-0.18445309420249095,0.2107181198757473,-0.3154239889030741,-0.9617805426346318,0.06233173011763963,-0.26006282558550753,0.012485831120362181,0.05952875664750982,-0.1465787284305419,0.09735710323206903,0.5465985162075905,-0.5539018693437581,0.4848484848484849,-1.0406504065040652,1.040650406504065,1.0666666666666667,-0.11133623659795815,-0.07767022389240447,-0.10626641221791502,-1.0666666666666667,0.0,-0.6666666666666666,0.049204266092346946,0.04920488052595624,0.04920411248393749,0.7103099178571526,0.37497110331545364,0.16830018965502103,-0.17165175695532217,0.7841356472902182,-0.3216244722642615,1.4262159077358652,-0.7328204124955611,-1.0682253626200715,-0.679077088446252,-0.69652477538895,0.43992872115611886,-1.0432568011726608,-0.2116821263943899,-0.13954993166292995,0.3744751157079486,-0.23012050862330619,-0.08294792808300487,-0.00300829041689365,0.4106677852501891,-0.2991508352194227,0.7339154693074453,0.9834176799244717,0.03962717453019217,0.55903801177155,0.5378067656904478,0.4089375688019611,-0.7625851539106461,0.34165110867036214,-0.5434682705180496,0.235566508185822,-1.33947706341274,-0.3303964469769241,-1.1827340452800268,-0.8380811625089859,-0.017194653513577827,-1.265972642907473,-0.7646527049412847,-0.6938122736102997,0.39030893590178295,0.41694171464383784,-0.5330537107539506,0.4339085672395461,0.20176648221257903,-0.7199865758332764,0.5084503563035516,0.4589824950403302,0.14016167381716893,0.2562153077164033,0.5018808068754612,0.475400201592508,-0.3562490867080043,-0.011769025699440914,-1.1302955795287608,0.014058975577323808,-0.7505749209582547,0.02871428670092675,-0.12747529828183227,-0.31581911622298303,0.2776927655153998,-0.7539157532912086,-0.34911527830092637,-0.03099972597700616,-0.1310777625759649,1.0098783114308396,-0.10691549370784965,0.42834312671370944,0.17112372754582977,0.1456531497864459,-0.388176634436502,0.00019879414401603688,-0.24404185239763906,-0.1839655861444893,-0.5221594741477165,-0.23982712675780007,0.40982879214035867,-0.5805453404586517,-0.3880342004922835,0.38670380063015075,-0.4074275002459816,-0.40821651578797397,0.0,-0.26666666666666666,0.0,0.0,0.0,0.0,-0.4120119640053574,0.3556731451215473,0.358112633565592,-0.34825142514439644,0.16309745824023886,0.7185576492608287,2.514699334419239,-1.0000001020082152,3.92093534241119,20.489108673742145,0.5707074778110158,0
0_HN1106_0,-0.43514457540537077,0.6699479258693435,-0.5119460918692827,-0.17589989426187308,-0.07036489372765002,0.175696125208214,-0.6505321318349466,-0.4136241504662557,0.26337263521246296,0.5662728498123937,0.19915973689116892,0.5123561008310803,T12,-0.018326012354666372,-1.9823711145479095,-0.10196383632836459,-0.5433821785113079,-0.9600688358860441,0.8616552674033641,-0.5284675094668116,0.35695834686595396,-1.313076775038185,-0.8918872953944763,-1.0806463999368192,-1.6416566910988801,-2.0368970688610304,-0.8692354116089903,-0.6815245468263841,-0.12396048784354392,-0.4843205121258826,-1.1169612177423647,-0.9530122389612101,-0.36999985378633626,-0.4883407728666458,0.0,0.0,0.0,-0.6808801630845724,-0.45311038815060334,-0.44810405109091916,0.0,-2.081296888490712,-0.2793803549549283,4.966839819067063,4.176554461574642,-0.651320087418096,6.056598417400205,0.3342865285337537,3.2020154928265496,0.0,0.0,0.0,0.0,-0.16539505989985878,-0.17266346968886045,-0.13965197814988942,0.0,0.0,0.33333333333333326,0.00011846290914228944,0.00011844640536623979,0.00011846703508649396,-0.2896900821428475,5.594230528464818,-9.739792079046642e-05,8.458700730921315,-2.417890522866184,-0.5379667476864964,-1.9247347946833255,1.2426931351142114,0.31133348908870606,3.175285282234734,2.9096861313120406,9.598757738197428,0.6231396891211388,5.323542751242627,4.0587862114490045,2.3251641147617947,1.0373428883033728,0.10795018591509516,2.68513543362284,-0.14312711659841612,2.0414769481725594,1.5991620640300432,1.77674551983449,1.9464080126791523,-0.2045200785648285,2.6002774826520465,0.9528156489956221,-1.219921992814817,-0.604415244112014,-0.5874820863410785,-1.8356254351740755,0.2414349097083388,-1.2550356354122987,-1.152384596213722,-1.0080998882184675,-1.6715766075252043,0.18205956198147255,-0.8869610166060257,-0.6063449261288487,1.4679410927150227,-0.035885809810421394,-0.7071901179245815,2.3839880346907605,-0.29845121239118905,1.024301571556581,2.4730347941845947,2.304012785457805,1.146275035546602,0.4174183470900732,2.6465820383606364,0.49795528772497893,-0.7448469203838236,1.240176609458746,-1.1880673561927462,0.4549217666250897,-0.47422702977436254,-0.6093084678963817,0.9284441092261687,0.8756807947177918,-0.9712173558615398,0.35119137014296636,0.004888780200206844,-0.4475361972749522,-0.7094392381376193,-0.636470120466225,-0.2704019164717401,-0.8286373639288561,-0.7689851650502244,-0.4427837032472284,-0.6996412515017856,-0.6372962471478258,-0.6062380668884947,-0.7396345119385298,-0.8248291578592778,-0.7930580396320082,4.829676169920012,-2.4835074440898115,1.1408778469454766,1.64778359906149,-0.9152368976245362,1.6364555258064473,0.0,0.0,0.0,0.0,0.0,0.0,-3.0364993691556017,0.681421222190983,-0.8969023242729436,-3.1496285699758166,2.356326724329493,-3.8679027391504492,0.0,0.0,0.0,0.0,0.0,0
0_HN1310_0,-0.4391424706843183,0.4861607251603976,-0.2868001880599137,-0.43810813217838823,-0.5704590894588158,-0.4775888213924083,-0.6981415105003296,-0.40761814446024974,0.059920856054226916,0.5139664383995305,-0.024136863672527653,0.5455645370890359,T12,0.48358092055817775,0.5380143995293444,0.40018681784090193,0.2529223317791165,-0.20776670190895566,1.006052550109526,-0.45573934747567285,0.6744348755727224,0.9074022835436816,-0.6319712194078344,-0.6533638263315147,-0.5507376654316594,1.701093212647334,-1.0306920254108367,-0.786625316551746,-0.15316964139871994,-0.3660776613875046,-0.5293095379112599,-0.6384134762616088,-0.35665782095271525,-0.4824295598031058,0.0,0.0,0.0,-0.6481246961558311,-0.44316209402237144,-0.3894600846653723,0.0,-1.4041400937043407,-0.48874728378306415,2.4410277002681497,2.4650366651654587,-0.6043058158822434,3.8813375802402685,0.05454236189590402,2.162797983029766,0.0,0.0,0.0,0.0,-0.16487018406298065,-0.17243404348099994,-0.13832873820283373,0.0,0.0,0.33333333333333326,-4.4012911473161756e-05,-4.402940919816787e-05,-4.400878704171824e-05,-0.2896900821428475,3.4313722779412847,-9.739792079046642e-05,7.372152653681652,-3.4496781089134267,0.5948304100201249,-3.0194394170039978,-0.7929018100986907,3.8709734649172316,-0.036807702787763436,1.9497414504978168,2.937628530188317,0.9544477165953416,-0.2143118894340501,-1.9477784052246083,2.9515827394319576,1.2966225967299623,-0.44629266469007206,1.5376800329449651,0.9877065202365084,-0.4540735769950745,0.8324586753689209,2.6701937173083476,2.586253437878094,1.137744231252733,3.4575380391001747,0.962473487147488,-2.4101982981626993,-1.7036124290810208,0.3456919187803351,-1.367141135227706,-2.0882072835547656,2.460999951692153,-1.2226780415003342,-1.4849720891946616,-3.185668448261649,-1.183203495847641,-3.6402439895685714,-1.8439321814220881,2.548493539953205,-0.572330028577463,-0.40343316281659863,1.1210931566589442,-0.022092825674461924,1.3212127884989704,0.5717096678439516,3.4732647904321623,1.4412148246766587,1.4452858062342584,2.9260066171731434,-0.007095021222140197,-0.508069366672395,0.5368688335715918,-0.8103185911417138,0.7070861839371146,-1.9376083918595075,0.7454506100429673,-0.22650903405851358,0.49152986460925796,-0.7581930883477935,0.7829032703552136,-0.7177062461645458,-0.9195592675017166,-0.6201348164571676,-0.7662396804652377,-0.07009526190637316,-0.5764319227292959,-0.03705121908981855,-0.7035044304976907,-0.41590704800978945,-0.6044636481700623,-0.5768878871532587,-0.30891191131596385,-0.47127276313800903,-0.7156845198887011,0.9598783693269274,-0.805160706010913,1.5528965922395777,1.5473878256921014,0.35300115782861646,1.4050735719848573,0.0,1.0666666666666667,0.0,0.0,0.0,0.0,-0.8301175779064986,-0.4760395682968388,-0.9948202584662823,-3.0041672459782887,1.7230389244054385,-3.526198771633495,0.0,0.0,0.0,0.0,0.0,0
0_HN1827_0,-0.3843905981785596,0.03194440842508283,0.09876056731432019,-0.0972540462079096,0.0005382674307637835,0.09533273896449297,-0.5885202850448568,-0.34913861229650706,0.2141569893710094,0.5316929382491462,-0.3824957755137485,0.318769533595531,T12,0.0016432569822673409,1.7733468518737519,-0.03062517716984,0.08146384582386383,0.7259388545169712,-0.19252097241701457,0.6535357485731143,-0.19629320799643044,-0.06714892976876184,-0.06304911184985618,-0.5135155533816893,-0.35821914373639363,-0.7817039249915566,-0.4937871304754585,-0.5366244714990749,-0.5248274923534532,0.6290033977999565,-0.46352576219697134,-0.2058947100836506,-0.30990647012921385,-0.3431192470297934,-0.648076942138745,0.6480769421387396,1.0067845430650135,-0.41870229242070056,-0.07216143722292724,-0.422775965136382,-1.0067845430650137,-0.7688934586744378,-0.25017951218670065,0.9093789323304783,1.177764502380747,-0.4308404695629579,1.441675668150137,1.3783799766321798,-0.5235951362365487,0.0,-1.1707317073170733,1.1707317073170733,1.6,-0.15754216383562356,-0.15844545216628522,-0.13540599687320415,-1.6,0.0,-0.41666666666666663,0.4508905874396329,0.45089997443776514,0.4508882406899905,0.34123967142860995,1.3406093024353145,0.0191776775836763,0.535052638514334,-1.3813764582023162,0.4360816436673576,0.6888571103178422,1.1695556090901882,0.5616117310884902,0.3305378941060611,0.23951879704275206,0.6074846896289912,0.542812927723406,0.4663931902777648,0.9732185238609872,-0.28194475217238535,-0.17769223075105345,0.3235913885996848,-0.34073271670980926,1.1626494033402164,-0.4928893989981427,0.9244527681102509,0.043456982137415535,0.14587632703077213,1.5875989722098192,0.40321392543454826,0.86022560865587,0.4796953828708146,-0.6571365019114996,-0.4461244667813812,0.05457209373784689,-1.255136486135186,0.24184000619513085,-0.859022657592255,0.23454533244884893,0.017194653513577827,-1.6551877435846856,-0.403889543601816,-1.2694226906375878,0.020012295355468654,-0.6433235776558055,0.6280100560488103,-0.5700227744055328,1.611392878196859,-0.35289004046417194,0.8066104222456243,0.27858039454065286,0.2670150090230463,2.2384129740379275,0.5488623488756124,0.717037387050848,1.512130575703827,-0.3734770633258591,0.2423787081785621,-0.9980182073710646,0.16434914176670173,-1.3068672915115023,-1.25970466186596,1.313961092755987,0.9825195864771845,0.4910950250832635,0.2901056440066726,-0.46293642954287473,0.2322414750039362,0.3046180401427266,0.21400569482608223,0.0024827022213843412,-0.3177117198492957,0.5592160850081535,-0.1757428878478925,0.19364923239680257,0.12647185644186396,-0.19278388679650826,-0.04843788158572892,-0.3437987386587075,-0.369782443208879,-0.44797109089021764,-0.9585942404681435,-0.5583330461998295,-0.43599237197293794,-1.4680966478503374,0.0,-0.5333333333333333,0.0,0.0,0.0,0.0,0.4524186507660422,0.46224603784556456,1.1387416530662746,0.38089027627740213,-0.042326610089190815,1.6233300286159122,0.20251002085072958,-0.999999346144753,1.0259724810294446,1.1314677313456853,5.9130820317204575,0
0_HN1054_0,0.10653282509604117,-0.9816371369336929,1.0911570117617826,-0.6180960930875531,-0.25932588992177724,-0.3527499459776476,0.10273016404703249,0.2255413308044887,-0.8318449632277548,-0.39978529413978275,-0.4072737457725231,-0.5917738755356654,T12,0.011164635066810768,0.10452066958775513,-0.5893125291788182,-0.452808726850397,0.9359638532590014,-1.022910031026737,0.951407371154155,0.3105512868106827,0.14631286227956455,0.7189561984764978,0.36006270991652983,-0.0508542084207139,0.12750831433236653,0.31007984121442145,0.4833815603088419,0.9902280609165321,1.1000457831284511,1.0089103423378587,1.270076663207675,0.07809720016235097,0.09275139671662012,0.0,0.0,0.0,0.18066446456733812,-0.19144721665239373,1.0943680598407766,0.0,0.0753520224356341,-0.05382330093708296,-0.19716567198666685,-0.14428662338358583,0.1566816224630367,-0.8112116869105341,-0.5489316039481451,-0.07903861913797043,0.0,0.0,0.0,0.0,0.4044979915235874,0.07644001819848026,1.2970787650259967,0.0,0.0,0.33333333333333326,-0.00015900852561134954,-0.00015902501905360473,-0.0001590044022505938,-0.2896900821428475,-0.3271544182405592,-9.739792079046642e-05,-0.15493126938295515,-0.04081981962421714,0.7183933740983669,-0.022468821832297148,0.2486904864320833,1.105480335935164,-0.20601946241319927,-0.5190405670308638,-0.336523009453617,-0.3607047993980625,-0.4118424522180275,0.3044709595390173,-0.3685744153871149,-0.5477402507454938,0.06731840510880809,-0.3724328809402563,0.05709442134787753,1.2640369204638677,-0.15196697169906703,-0.3019864441660188,-0.04496911813308697,-0.21328997120783963,-0.2146497583530035,-0.12407960657560997,0.3019123251051807,0.3084248489849259,-0.005287991887125564,0.22222968415206962,0.1936440932244308,-0.2876894976232502,-0.10062743370508931,0.06285425393359091,-0.1846889169405333,-0.024797677827434396,-0.18345373122300226,0.1059576662631897,-0.25138577690666525,-0.25058917993646673,0.025577121823630287,-0.48895704206492413,0.4339440254016764,0.9723028741464412,-0.053562306009014536,-0.31634191076948254,-0.17430914449045182,-0.047726669471109436,-0.30220783962295056,-0.03527833985709987,0.1254901910036451,0.44873863354204996,-0.49292965093567176,-0.027966403719448835,1.0457443098366135,0.0783434581970211,0.34897352137696086,-1.2494750047002523,-0.6002443715075538,0.2640793606105016,-0.33811167204939657,0.3354635124135901,-0.06193897343483876,0.389593711483542,-0.29450011801994364,-0.14020642400588032,0.36766354903705073,-0.5967637680373258,0.16053988223324536,0.8204710902639886,0.2519713844093419,0.030116640956311565,0.5206145675984214,0.0019563557005119483,-0.015705981416725186,-0.23215000548968337,0.048769496376167065,-0.023970565207117312,0.29029878722001873,0.043685263533596565,0.0,0.5333333333333333,0.0,0.0,0.0,0.0,0.011062778385207877,-0.40267104353404437,-0.07299915844668345,0.05108490144605497,0.6215305579617325,0.09252927118961742,0.0,0.0,0.0,0.0,0.0,0
0_HN1549_0,0.13963899949155628,0.11359042843604514,0.7114713307678693,2.1893543927574304,1.9818800267983971,2.081778915443238,0.7947507799603591,-0.3178441599494231,1.5244379739006304,-0.03169828627626392,2.4110520593354132,0.013978252244674912,T12,-0.539936923748458,-0.2541412909556055,0.5057562126363953,0.1847808076529936,0.05080648688717216,-0.14230682201628056,0.2722556468908686,-0.026378757230514274,0.162207096556838,0.3823220495796845,0.8631585318310908,0.7474273375506211,1.0049205533291252,-0.5043572961352056,-0.5428634567290589,-0.11898189087659866,-0.30130722328052645,-0.20478753607216213,-0.18135244141296178,-0.24470711747622642,-0.2419959498029433,0.0,0.0,0.0,-0.33776646166816043,-0.3489019508676748,0.16619182903752203,0.0,-0.5567908498482734,-0.12105244936844584,0.5922649012975202,0.7026567878139939,-0.36121823679367193,0.9137264568274132,-0.3271000997539966,0.7450399886621273,0.0,0.0,0.0,0.0,-0.11451225123024897,-0.15042230517308872,-0.011373706758147228,0.0,0.0,0.33333333333333326,-0.00015717410752902987,-0.0001571906010396038,-0.00015716998415119448,-0.2896900821428475,0.035366145953502556,-9.739792079046642e-05,1.1543323250150517,2.929324512782745,-1.186964901423236,2.6926108990781152,1.4480286569328888,-0.2556473536642731,2.419122275120202,1.697973927252204,1.5897930593390697,2.0795352749963847,2.5357115289541974,2.4204005952810568,0.5918906115565681,0.7650708114796081,1.2526120187550596,0.3279957214659893,0.5934369885698825,3.4689513115325,2.6588556617362986,1.4176997306754209,0.9545994031962779,1.6013429880892154,2.3250202711688455,1.830906636819448,-0.4604846352024986,0.5260962460754348,-1.692509799325815,0.5020460820856735,-0.7026883305355116,-1.9932064236396152,-2.001408900633624,-0.909376963562528,-0.8404497787334384,-1.7070555472731568,-1.4906204461864334,-0.8700101495357512,0.8333627719227441,1.4985182346966737,0.03911440474367829,0.9494762102781507,0.5045577147044847,0.7934622493360581,2.6549408483855754,1.4784443388296924,0.8748711839939699,1.9171117893377194,2.2451310079808193,2.094704869902384,0.5089094524041492,-0.43907621376746836,-0.22701522492288853,-0.18057750706036332,-0.1782348027584794,-0.7056485556274591,1.2776790487758278,0.7011728709317846,0.3412428894032217,-0.048149379441139964,0.3715598231394018,0.43556169650509213,-0.2735357166728087,-0.5664792821465292,-0.6174703493399278,-0.7535765171836517,-0.5701213565485016,-0.8568760446154691,0.22338183330679137,-0.23345626026138994,-0.2738626735677871,-0.6109721146629097,-0.18778780587799127,-0.5046152988853692,0.4211193725092048,-0.8783012442203978,-0.09134204860087643,0.4289796348253556,-0.22042546216863612,-0.004078475518167763,0.0,-0.26666666666666666,0.0,0.0,0.0,0.0,-0.4143264649081849,0.1615213802274769,0.040829795158204465,-0.45168286981669237,0.7226498193965006,0.23443377398617912,0.0,0.0,0.0,0.0,0.0,0
0_HN1860_0,-0.33477077949595874,1.1369813222536604,-0.5066884744460498,-0.08934120432005259,-0.012216434069594856,-0.14958538915472458,0.2765562440457348,-0.4063537221431958,-0.5266402770362424,-0.37626193019621584,1.5391598203100627,-0.7309190956592249,T12,-0.018326012354675472,3.9864968346966414,0.6957310062856079,-0.15436123354634376,-0.5685872525564835,0.31431243659293173,-0.34924725095878534,1.4758898594908516,-1.1840849937786186,0.3973123150969679,-0.3659686582353322,-0.18122650126617992,-0.7019413533682565,-0.715190229955443,-0.18813735882320332,-0.30255900669742913,-0.42806021306595843,-0.0037712581136959897,-0.386302665784759,-0.3465699424687579,-0.447360790167723,0.0,0.0,0.0,-0.49540378746988034,-0.39677861481739185,-0.1160351977314808,0.0,-1.2961798195228416,-0.3967754313709973,1.8240333912653386,1.7178304532736952,-0.5658021840500229,1.2083157356782868,-0.28921515698999306,0.8857782079829608,0.0,0.0,0.0,0.0,-0.1628354133979087,-0.17154463367252054,-0.13319897295561864,0.0,0.0,0.33333333333333326,-0.00012395166515414223,-0.0001239681599020107,-0.00012394754146698316,-0.2896900821428475,1.6824181509555558,-9.739792079046642e-05,-1.8308663124556552,-2.652629670953494,-0.7319640084440222,1.418406527719128,-0.6836966977374004,-0.4351568511287613,0.016464151349219636,-2.3963881154776017,1.2691555166340116,-0.7431609593973952,-0.46645840961211754,-0.8846524732656809,-0.2283870283298684,0.15501759182479885,-0.4469176894260986,-0.3205052575944383,-1.036760442173487,-1.5120977453519837,-0.49872772336920335,1.0655354195522384,1.177768061564626,-0.5784062489515893,0.2748669753880174,-0.6642990655857538,-0.06340937764582587,-0.6634237680732421,0.8590506878286318,0.4459910221022542,1.199460582733237,0.9760207285045241,0.3359828595681553,-2.8091697913194364,-0.39131766556174147,0.47261989953706574,-0.3349801871716886,0.04350043208559051,-0.5487010898141591,-0.9626834178119021,-0.26573138910799593,-0.42832200285713606,-1.1393564748697123,-1.1799846667152372,-0.3991282499107845,-0.19580543838069048,1.180184930846987,-0.5897990612417602,0.5681661636235902,-1.0671553958172588,-0.4966866961471224,0.8316159090137972,1.6502925791768166,-0.8130245731846361,-2.011264020293663,1.1745965699100867,-0.09678566320800089,-1.931942898104176,0.6159342550596001,-1.8224306980110137,1.056621400394616,-2.6492769435942396,-0.6157229200378806,-0.5130471739157154,0.2353024152598374,-0.5720927737743499,0.18039674578910125,0.41918020829256697,-0.8865391963279631,-0.5180503667064512,-0.339995750822337,0.33951112411367323,-0.15273080665807662,0.5173177778311788,7.5765440121488306,-0.09277233013038454,4.23384526167177,1.4388493204165316,0.5244136574328604,1.7890355640116191,0.0,0.8,0.0,0.0,0.0,0.0,-4.14837836430828,-0.3664508430141814,-2.8994317821368334,-1.9880261026624741,0.4677205083280934,-2.631200636397938,0.0,0.0,0.0,0.0,0.0,0
0_HN1793_0,-0.2868824870041702,0.18481411842821133,-0.406726796046783,-0.05707723271133714,-0.062281364736519025,0.08599840360743184,-0.6389268586267484,-0.2758021179073811,-0.2935077767581062,0.600475333766993,0.07092257547005502,0.44245934258322944,T12,0.4915354653819012,-0.3960114700147482,0.418568127271631,0.3196357446028213,-0.24663260284796126,0.2918541714507387,-0.16517785084756653,-0.08650147705901225,-0.2514983802244782,-0.1983262562766847,0.05158850730903993,-0.417390713860988,0.1402904490412688,-0.5401031764271156,-0.5572442554717456,-0.2577375758985535,-0.36948843005892057,-0.4621816096574339,-0.39209307836262736,-0.24786059386229323,-0.32315889770907547,0.0,0.0,0.0,-0.3019677500117115,-0.338029380687409,0.23028428874892745,0.0,-0.3256423613921154,-0.45696059099520514,0.1354363226909933,0.21313163789738157,-0.3742432278439298,-0.39913172313414674,-0.4959370553930906,0.11783005356427229,0.0,0.0,0.0,0.0,-0.11922531157994834,-0.15248241060655768,-0.02325558298377089,0.0,0.0,0.33333333333333326,-0.00015697000010631332,-0.0001569864936244888,-0.00015696587672657755,-0.2896900821428475,0.06094846300790281,-9.739792079046642e-05,2.711314314319118,-1.6666533730747886,3.331631346372575,-0.8742254045825395,2.877315575315954,3.6158268970116656,0.23238158485069788,1.452322312575753,-0.17595980805043118,1.7226233182861075,-0.021605439483013866,0.6680128864261997,0.6952765187794654,-0.7380193091479091,1.2878124901681276,-1.09831805644274,0.8411947509248656,-0.21771265667086204,-0.18588845982590202,1.1432025556375736,-0.3812473644692174,0.8360038352840443,-0.3255282943865287,-0.43990371614402035,0.2137823405875703,-0.05732439361495973,-1.0085860041411168,0.49830218540190957,-0.09585999423162272,1.7697344761156795,0.07796368446051286,-0.7785375897514811,0.30227059385670246,-0.47349615257818506,-0.37181980730957176,0.5712686013285854,1.1106571042901698,-0.8914566816502485,0.9022256129341925,-1.6287492793467677,1.027486475031322,1.1543803604291725,0.027985354983024607,1.8903644038055731,-0.4753282950041206,1.6887638123228566,-0.19420324677934947,-0.241497043758024,0.5430480544111627,1.2206053272929236,-2.0939478957795665,-0.7621533199752217,0.3036878013908812,-0.4694272940779786,-0.04484183151853884,0.32545367175407525,-0.7763618418663603,0.3912330122264489,-0.9017103150215084,0.1434850801022678,-0.5141023270751777,1.1828446257642813,0.2962361431904369,0.9213923670750829,-0.6065025507873975,-0.5997658222979657,-0.45215606217185694,-0.5678480811795854,-0.37412703529657554,-0.7818646937544007,-0.3754890010100423,-0.4856247569295723,1.0932872827688696,-0.655596383745268,-0.4657654758722341,0.7277618908488221,-0.7186677077149193,-0.549152838368195,0.0,-0.8,0.0,0.0,0.0,0.0,-0.8804514972813445,0.697954998849225,0.5245312533896479,-0.9988798718044416,0.17135304287466374,0.5088670707953837,0.0,0.0,0.0,0.0,0.0,0
0_HN1444_0,-0.4239096683708848,0.7405807144385079,-0.30159081399147175,-0.4796615153341411,-0.3128797194863812,-0.2725910805532611,-0.25562368937626284,-0.41046309467362097,0.17885732939908724,0.03169828627626392,0.04807802007762724,-0.010551486101684424,T12,0.46416304858976204,2.202562292392688,-0.4112285870203123,0.2212601114839024,-0.7327695642820672,1.0686593524658476,-0.49577393152172156,-0.005348263247076154,-0.4969834424509325,-0.8022767195205374,-0.3277470495740057,-1.3159681516648285,-1.721548697520243,-0.986103503450012,-0.9385099303778448,-0.8603500634074428,-0.42557006819766907,-1.089546645283826,-0.8914594826883108,-0.35709170819933705,-0.4820974691815586,0.0,0.0,0.0,-0.6466802773961697,-0.44272340381237674,-0.38687406000480834,0.0,-1.3634758439523642,-0.5221803144611628,2.0917368243680654,2.268910921218972,-0.6144857557054626,3.1840366043806814,-0.035132346100163844,1.8296667229378585,0.0,0.0,0.0,0.0,-0.16476597045657493,-0.17238849112205096,-0.13806601014919914,0.0,0.0,0.33333333333333326,-5.600191461317709e-05,-5.601841189167997e-05,-5.599779029335939e-05,-0.2896900821428475,3.222081181634011,-9.739792079046642e-05,0.6706883791490489,2.1737795950542176,-0.5094368857364145,-4.475816479343317,0.20178932387701515,-2.9414456219844363,2.1268027949576567,-0.40598285270474294,8.320199483984114,-0.17713572849443124,3.2016107453293206,9.384260594516675,-0.8857943273548824,0.18201442886245098,-1.3353993461182658,1.4914211145761564,-0.7167225062159913,-1.5568071323702575,1.184147986394185,-0.6969487776366844,1.223600960622854,-0.6361538145749954,0.9335874193414485,2.492689349999244,0.663039222991247,0.38354964224113697,1.046202605011721,-1.4743802942348485,1.0770251927603607,-0.11786933213878464,-0.8724617354518379,0.22602891559750582,0.479811968065522,0.7126376335670103,0.2555403968345339,-0.6035987859876171,-1.0701876991096198,0.430254419353426,-1.540252671777838,1.0121219923128826,-0.6572726514852867,-2.9294617197751793,1.5329334836832917,-0.5556837561063604,1.1476988615302213,-0.39236199222807916,2.255391418335429,1.6666001237151973,-1.2434193958230695,-1.0599565437215026,-0.7628733935640254,1.4405780487051827,-0.2518785390791195,0.2644693247350213,0.27428852165121487,-0.8485227309529962,-0.19267831771336918,0.5686802920826849,0.9761414117150398,-0.3741192518474472,-0.5510942494153446,-0.2397197726187481,-0.4709112166833007,0.05521132941342714,-0.7295541328170786,-0.7156556415995664,-0.9754298826674869,-0.8289798286488816,-0.5935867484818225,-0.4929661627130442,-0.4797872265850428,-0.8849432723318816,24.44499468180543,-2.375628495216297,0.3695045234997872,1.5804272854388417,-1.6186756003028775,0.36030649821852107,0.0,-1.0666666666666667,0.0,0.0,0.0,0.0,-8.300227084399221,1.2560665522361718,-0.2903427506932493,-2.6313223557102425,2.074481198894997,-0.8350163568127653,0.0,0.0,0.0,0.0,0.0,0
0_HN1400_0,1.7533302107444384,-1.1808965595454597,1.0128348512248115,0.5746665886402866,0.6593761589362478,0.6013993801702339,0.5474947374511607,1.4532954006638217,-0.8137011278021429,-0.40216768995094654,1.5528131930709264,-0.47620688271917144,T34,-0.5600127832589057,0.41933308211136566,-0.8550344292511652,-1.6217660948789465,1.8401508197640204,-3.7301256367756004,2.2590713267733986,0.318774142735404,0.9594361958433901,1.0700403487238814,1.295733415407655,0.3885260599576238,-0.1271966903244487,0.5334736821231821,0.7224182040969929,2.2390072742278293,3.4341833084225497,1.6777088121094754,1.5010325634284862,0.8861478338570847,1.1263502472200815,0.0,0.0,0.0,0.2536639651419294,-0.16927624578789846,1.22506319754378,0.0,0.2660666450936165,1.1060853077779411,-0.22392584131853974,-0.16513486001548433,0.313369320465352,-0.5425964967482689,-0.5143869961316778,0.04929063878149911,0.0,0.0,0.0,0.0,3.77890808408801,1.5514138251619025,9.804146377029582,0.0,0.0,0.33333333333333326,-0.00015916349441193246,-0.0001591799878484162,-0.00015915937105261962,-0.2896900821428475,-0.4233549851742527,-9.739792079046642e-05,0.5835578524050479,0.41862003210435217,-0.16113245142004737,1.1641007177536395,0.17388166941087269,0.7971672125436694,0.42050229569050285,0.5371046591126366,0.7157620935320914,0.33892180724866744,0.6966871194731724,0.2148609074139679,-0.00023904379266063383,0.001263168581812519,-0.14893590734650006,0.7940686820869779,-0.23300435764286617,0.8809248095958058,-0.3388722367571393,-0.2336307261269636,0.38383308529628596,-0.282072378354034,0.051488468466607935,-0.11274178540937946,0.3494034260974777,0.1910000437646481,0.00528799188712532,-0.2603025745423781,0.43254693030829294,-0.2943447435137446,0.411711864269642,0.43258359575742555,-0.1527939788151525,0.4455629260074642,0.20238717606742695,0.09214607598366618,0.3326173424203228,0.18430315081867332,-0.10171021650592528,1.6228258747929427,-0.058425393234465606,0.9700282187391859,-0.2245805854408799,-0.05152864811678816,0.6568647868052515,-0.1915198871853334,0.0465677272465819,0.05991679509989807,1.9652756233182422,0.40736930319075043,0.2156135741186926,0.5842106156894454,0.7924058776426003,0.11141304660158845,0.9562032076475073,2.001813795076665,1.4558328569748102,1.101425266803754,1.9174270199719037,0.6879264282672644,0.6081460938061973,-0.0006619247761757397,0.04694496318415823,-0.21319984065021727,0.6633095303795326,-0.1601099113999657,0.2193245414541751,1.4097519982200521,0.3192515942264419,1.7560725652998888,1.1211197715354155,0.20618250200267943,-0.3232783328905709,-0.27374418745841966,-0.3406882668843368,-0.47868214244622614,0.3222183588028804,-0.41039204466103174,0.0,0.5333333333333333,0.0,0.0,0.0,0.0,0.3784031293842429,-0.40858979625735375,0.34690363478157127,0.40951566680473583,0.5781821114082523,0.5346848526154178,0.0,0.0,0.0,0.0,0.0,1
0_HN1600_0,-0.4287540390606687,-0.20143701264905944,-0.00043203585477070684,-0.8677587941588775,-0.729472295127001,-0.7279557809493712,-1.018966819451672,-0.3889679152837048,-0.45769822688129363,0.6839741917210082,-0.45496687939403946,0.5129687605346311,T12,-0.5598523176802048,-0.029115791925980957,0.2975396719087743,0.3976745118351409,-0.9600688358860441,0.8601828548042506,-0.5284675094668116,0.13751450863537013,-1.313076775038185,-1.098271048869799,-1.0806463999368192,0.12467124540102821,-2.0368970688610304,-0.9471884726264282,-0.8245155370884064,1.3654599849535078,-0.778201271724919,-1.146577653419824,-0.9530122389612101,-0.3476546605853124,-0.47618625611801874,0.0,0.0,0.0,-0.5419322856377451,-0.4109099714585838,-0.19933780154791922,0.0,-1.1963961615080987,-0.5723594766471691,1.676720558839715,0.9469903878843607,-0.5817828144435212,0.5664811956219086,-0.37175673796282127,0.5791456970562211,0.0,0.0,0.0,0.0,-0.1630157831013032,-0.17162347429377844,-0.13365369458690926,0.0,0.0,0.33333333333333326,-0.0001216415765312337,-0.0001216580713651362,-0.00012163745282256615,-0.2896900821428475,1.7522500662446323,-9.739792079046642e-05,-1.4656054406715697,-2.72333005464874,-1.2386257930137397,1.9127140537776801,-0.7230517027761688,2.0813558001752246,-0.7246143388173524,1.0424849149774853,0.5421289706085634,-0.8546543923733115,-0.04041566420445843,-0.5630465545904865,0.603146151835672,-0.1886911719143587,-0.9510537675629792,0.9879313943728083,-1.25378060242733,-0.5318194731582925,-0.7217092337798131,-0.00629474878184322,0.7301171679603344,-0.9938880608473809,-0.15109927827141095,-1.206790217507895,-0.6302630132481984,-0.8629745170763552,0.6346696649645651,-0.48745193124796726,1.3441211330415626,1.2332196374097704,0.45095603958537045,0.23288682293645133,-0.03931023821731926,0.7712804893798094,0.07474155605076599,1.0911239725990323,0.10767112632982852,-1.2732085450636261,-1.3915804505294314,1.8816259032684437,-1.196762851039725,0.4580277467700081,-0.6774440670523106,0.22199330236402876,0.7330460815575361,-0.7851100175418237,0.3500515815161115,-1.1295277970484074,-0.2886703788949822,0.2824523237775216,0.4115603086524617,0.025042986921378872,-1.0152376148907245,-0.028714286700926742,-0.3461243127316856,0.7080298894326436,0.5176591399864969,-0.3358871027902802,0.10441244254651413,-0.2783235174862057,-0.5339896112458999,-0.24241082523547594,-0.7022881379579846,-0.2823702298598818,-0.3806165717493729,0.1274086021534255,-1.1282489824986446,-0.5925757833641124,-0.3887620339163975,-1.0410169915594503,-0.6427121862546603,-0.662501673617817,6.637635145112929,-0.2553517875191972,8.911380223910733,1.6526154015766337,0.26240603740888463,2.303863917051844,0.0,0.0,0.0,0.0,0.0,0.0,-3.446231185249708,-0.07027215169515588,-4.690035554960891,-3.2103150840762686,0.1650076027160861,-4.552720197103885,0.0,0.0,0.0,0.0,0.0,0
0_HN1368_0,0.24928339179512057,1.2128462345197757,-0.6587988482341985,1.0742571770341514,1.5154287599268947,1.601261282337199,0.9055951706806172,-0.3687371582108424,-0.5253288965416378,-0.5841055661796003,1.005821457047892,-0.9072453592836662,T12,-0.5198707436928475,-1.224069704352062,0.5445343270362504,0.7390617737546422,-0.2903303459805455,0.3360429311764402,-0.19997545507315467,-0.46334173844130666,-0.26635798374966463,0.07903267215785403,-0.13602412611321324,0.39804132893766475,0.8257699075310049,-0.5104961970239044,-0.7282075158426674,-0.37091536942737435,-0.5020638432244414,-0.4012245105797737,-0.1533599703341365,-0.24265394690283137,-0.32561636830852464,0.0,0.0,0.0,-0.23488730108407208,-0.31765610871916744,0.3503822132658065,0.0,-0.3719116175848627,-0.44824749544023584,0.1733441235437173,0.12922053018957136,-0.3479827758013512,-0.6606295662640305,-0.5295663539830812,-0.007098935507895227,0.0,0.0,0.0,0.0,-0.11542749863947385,-0.1508223650112431,-0.013681094235781871,0.0,0.0,0.33333333333333326,-0.00015713746144039906,-0.00015715395495233782,-0.00015713333806222248,-0.2896900821428475,0.04005155200740731,-9.739792079046642e-05,0.33210247132118836,-1.481590681178799,2.590469044230152,-0.1201297099956725,1.9391725301376173,1.9762478148395093,0.8847875163248151,0.8903293399506802,0.1397476040197632,0.7969181354246646,0.9900338833642385,-0.20842243406365057,0.11841687731771898,-0.5350730352000914,0.751332575866885,-0.5721000343582267,1.0008086175861777,0.3080472201724784,-0.6186675653958892,-0.25645608485378973,-0.22348733395635217,-0.16652607375167652,-0.49382198340524036,-0.6110667681322759,0.05969445541334673,-0.016163319054533158,-0.0973364966705066,0.37234076442692976,-0.22190349832475437,1.2246306575948525,0.5730588615764447,0.4491377687234498,0.3543511327101195,0.25984129840857423,0.46250081747994926,0.34018054681961174,0.4750302893963061,-1.0819495694425019,1.001220894826269,-0.9679860915419409,1.6149142122780331,1.0426512989473324,-0.5462033895974612,-0.23599259138289846,-0.11619543215590783,-0.28259937400168705,-0.39250996089695256,-0.6007326321146413,1.510114586614499,0.5282371756939315,-0.9841010136309457,-0.2698337994033508,1.288598213982924,0.3947016460549677,-0.09961984016139028,1.9886787458676622,1.1784354710738008,1.6746269231071715,0.5015403893929403,-0.10672648178673598,0.21705129927731562,-0.5335589967833394,-0.015445172058811416,-0.6589274808071999,0.09054152501243741,-0.6581639710143222,-0.8185841146593306,1.156634008452809,0.3122917603304699,1.065848785389218,-0.1444913548027527,0.037161935262302784,-0.20578044651076852,-0.34760349731109524,-0.7580364345771081,-0.25334485208986485,0.2965939656701683,-0.9828622201425365,0.0,0.26666666666666666,0.0,0.0,0.0,0.0,0.22555268205470022,-0.2585375850635666,0.8393569668939186,0.24765423043614093,0.48977360184804103,1.1863253233607434,0.0,0.0,0.0,0.0,0.0,0
0_HN1609_0,-0.30126918032027944,0.18602728184259107,0.12772449884235806,1.5802148255032327,1.7700370582253033,2.1237053533375767,-0.07153020473625812,-0.35577682946104,0.6797478007135553,0.642623513243146,-0.4551212166388008,0.5305589057828444,T12,0.5163072746113553,0.07180640194499745,0.34197400622528096,0.16311775656999616,-0.23923511694086957,0.49707287130932815,-0.27704059580705254,0.9608405571160422,0.6164341282146771,-0.014071147930593006,-0.41994293147045386,-0.33424552689648496,0.19615153985355172,-0.7328012595485109,-0.4140428245915143,1.0657629603994567,-0.6858775717949368,-0.09369830416387269,0.030902831250995366,-0.2951917135178921,-0.3410917912726235,0.0,0.0,0.0,-0.47140474899344237,-0.3894897706657346,-0.07306836078425018,0.0,-0.7007580534134144,-0.3115768952143875,0.7874591384433692,0.8843148768755308,-0.48580361745536,0.831146166236413,-0.33772013859138605,0.7055877618393795,0.0,0.0,0.0,0.0,-0.14517910902295197,-0.1638269628007376,-0.08868648900269088,0.0,0.0,0.33333333333333326,-0.00015417180990641658,-0.00015418830352880429,-0.00015416768650062772,-0.2896900821428475,0.3345304275455572,-9.739792079046642e-05,1.3806726203008475,0.4862355221058433,0.4314143984541652,1.6685629683310466,-0.4513755248983616,-1.483325675650446,1.4612149558166863,1.7229949714195905,0.9065932284230471,1.144413939528539,1.6394136518728089,0.46984605336643775,1.002993740760462,-0.5355120552120265,0.5619420267080325,0.23239788675561762,0.6254168104793616,0.9403310266625843,-0.08944343523194868,1.076171685616309,0.148402873960587,0.5170087250415393,0.10388748268770748,-0.30501618185811097,-1.0384941518797701,0.5530676478141276,-1.1293670962562408,0.3052822156160612,-2.072879807801699,-1.4636562375183215,0.2895075259031618,-0.7885606507907484,0.252907429138512,-1.2620616485811342,0.09355902564969473,0.45512058975313957,1.0934721399881355,-0.6701904384421379,0.4884322775998791,0.4993216145215012,0.3493927334944056,-0.5066878807914245,0.3277521919378394,1.0891213206740344,0.3460974730486272,0.6533913006816338,0.5899506287236939,-0.06657920504456272,0.2983240683195524,-0.3519197213848129,-0.3772587086141789,-0.20642374702987648,-1.196173637505258,-0.3945388917721344,0.5175396236143772,0.4046649768848717,0.45697341650997114,-0.14524981762543504,0.847393350397516,0.4529690287968895,-0.08267911849304532,-0.7653878212155427,0.10333778324953548,-0.759557581360643,-0.118693757032399,-0.21928491849594714,0.04781158963190115,-0.12343868508224604,-0.13032346513793552,-0.34219084912937586,-0.020725882340734463,-0.24827517131930785,-0.2902675467227058,-0.9564204443224164,-0.8367776221506413,-0.4707038452477118,-1.097078546885923,-1.1345043287317067,0.0,-0.8,0.0,0.0,0.0,0.0,0.3376616984908898,1.1676074780105337,0.9692131724733929,0.3732410252876793,0.11870747902384568,1.2126997299803293,0.0,0.0,0.0,0.0,0.0,0
0_HN1465_0,-0.31914395082807806,-0.328580326663691,0.015380151222923168,0.44248283340837874,0.4667827273870925,0.6590532206154686,-0.5299526725077602,-0.19203413940256045,-0.19122617033571915,0.6808902761148825,-0.33157561078333575,0.5793897351504524,T34,-0.5570409485781186,-0.11028144794599068,0.6034103468269417,0.18181696928007066,0.11646011665101394,-0.22736160296202107,0.19723660676691715,-0.327191995381572,0.0012093554770615923,0.40016926261583274,0.2186184168696579,0.20963238676175194,0.25330199008032817,-0.27546030137628846,-0.5250686912600906,0.33370632590034655,-0.2907902416829489,-0.2968213608030104,0.06483707214106542,-0.20891921347798467,-0.2286265904298841,-0.3943145211133808,0.39431452111338056,1.0106499513537033,-0.2718032679688774,0.10635464698542027,-0.35710649014768037,-1.0106499513537033,-0.3475810726061231,-0.22599944828176707,0.27868304802834665,0.4122705309936668,-0.28197998156923665,0.4185894774722489,0.868830859997799,-0.6613324304275953,0.0,-1.1707317073170733,1.1707317073170733,1.6,-0.12824501352942053,-0.10722164932674356,-0.11694107769791703,-1.6,0.0,-0.41666666666666663,0.45088813565869107,0.45089016731436377,0.45088762774474944,0.34123967142860995,0.3723266174230003,0.08808309796345602,0.06164580421215842,-0.9294513352427015,0.3914890114879975,-1.7325273787428932,0.013300256936848968,-0.338711356383691,0.5959983776220186,0.4223569363476604,0.6417160559972591,0.3928807946004619,0.5624445718503459,0.3938374864949374,1.307442998898035,-0.2545192100967977,-0.2110791056711953,0.5749368463703669,0.013153103994804608,0.3771201773856979,0.6790333724043791,1.1756045303062448,1.3925524528901054,-0.20096395753877305,2.027004881080687,1.00378097097517,-1.161764367455015,-0.44983796563832446,0.4178513388468704,-0.7375276693091611,-0.06943244403698204,-0.30483556038978565,-0.6746107959845064,-1.3647554951241079,-2.3177384620254053,-0.1269079797825389,-2.5453166164922383,-0.8761777495589802,1.3556278054163138,-0.6987600414983496,0.21536924039264949,-0.19765133401639026,-0.14463525912746605,-0.21359301048358956,0.5710898394684027,1.05181574320619,0.8858813002615876,-0.05484013440638155,1.7671862993899088,1.1031415764023047,0.17163074815824883,-0.5769900457782388,0.2743140830826478,0.2571996701020617,-0.6476223803268445,0.0951936964527559,0.49917151269973514,0.48106091242950566,-0.7479046744232568,0.002671339684962978,-1.1069953063357034,0.2561268047407235,-0.403776434593026,0.04511464503790617,0.11623181954988883,-0.7549242043452912,-0.26916425801148897,-0.5630640861622117,0.49858344048335235,0.026451555449258812,-0.3791448236295397,-0.21794948013306434,-0.066168345781485,-0.3686996377887296,0.6202258052416564,-0.9031995067745421,0.5749896116450589,0.5049638038531028,-0.2887244613513636,0.4993184252251055,0.0,0.0,0.0,0.0,0.0,0.0,-0.5987019913175174,0.2463848620892297,-0.5586246984599601,-0.47186027699127003,0.45501731716331995,-0.44457039217088773,0.2159121846955307,-0.9999993988783824,0.5139372995544234,0.25247107231329036,5.833293488300624,1
0_HN1954_0,0.8044917793863798,-0.3731988826632677,1.473526676995433,1.0643044784025684,1.2565543302385935,1.4024292696435217,0.5122573146496442,0.6181444602497234,0.6769852477925568,-0.1737544069348752,-1.1976504065324203,0.047435717465315295,T12,0.42287551338144236,-0.49711890907480977,0.29595230275179224,-0.17499241072105834,1.2073132855042124,-0.5928780222210563,1.1090556200560202,0.7678120117224113,3.7160964473188476,0.6976086081218972,2.0469748679447886,0.1508116617497305,1.3305315886496631,0.16369335491543788,0.3392625592785793,0.5336877343292815,0.4450188936229827,1.2419871617436615,2.9057182860219513,1.7677283066706877,0.7703840747594805,-0.4547699358176101,0.454769935817605,1.009737114192057,0.5608850490932903,1.117913093192202,0.015651733281997374,-1.0097371141920568,0.31541322254059906,0.9049918370944305,-0.1307328317964919,-0.28339281497794533,0.6251020410954305,0.15955769423308494,0.7329960711006815,-0.6898683183154787,1.6969696969696968,-1.0406504065040652,1.040650406504065,1.0666666666666667,0.27381925388078104,0.595756395113584,0.1364656426301847,-1.0666666666666667,1.0,-0.6666666666666666,1.8163020434577166,1.8163058807848222,1.8163010841258962,0.8412396714286099,-0.07742231439268761,1.6763889404600987,-0.110498638374219,0.288033551112356,-0.5106855833450038,0.23810216349027324,0.18643307343745152,-0.17456880537495287,0.8981850149818205,0.7679018448161671,0.07350387606260086,0.9257769082625207,0.8985475103681473,0.06817421195681031,-0.617244927169746,-0.28853297613931045,0.05440907054700667,-0.21832941068241463,0.3514837573931057,0.3339221295555257,0.2771697906710566,-0.3833412592579805,-0.19120565232424436,0.5601054952756537,-0.18156233216151021,0.0014915235863908285,0.5822410707599119,0.4259620086314072,-0.4746148311733845,-0.015266106702188765,-0.6556852436229109,-0.7381152811638851,0.04352915006776711,0.34153200268249095,0.37055029473325546,0.05596077848074112,0.321055154619833,-0.011288912851379913,-0.6577480353151616,0.6078560828435946,0.2447159092954453,-0.03892881685869619,0.45531853345096357,-0.39488731989140213,0.05409890534462523,-0.2684692921444806,-0.18763512141651043,0.35944548772816487,-0.3478343795579491,0.17599851771287797,-0.5765233981937159,1.9779005389076032,1.1446283237745831,-0.09842864728864567,-0.5152598225298267,-0.8771634744383028,0.3211829950281767,-0.3546832689884472,1.1239584122643713,-0.5082574454635751,0.24030971579301386,0.28732767010454047,0.3398693446410205,2.0934290707981833,1.748074988320978,1.0531330775572858,0.715060199646229,0.011897395890837834,0.8104118717755341,-0.15222993075595667,0.7128730595764535,1.0083440185050534,0.7459934149385036,0.6340140328464448,-0.42900353658260665,0.1270721978763257,-0.49021563082473857,-0.7095423667718421,-0.15086615894068844,-0.5936671097928552,0.0,-0.26666666666666666,0.0,0.0,0.0,0.0,0.5292314127154015,0.1981349789670901,0.5602886516110301,0.5258640549798284,-0.6607931371961137,0.47199827866222405,1.0726485375555865,-1.0000000144920962,0.40339094956795785,0.14760893939905162,1.2445959272007476,0
0_HN1791_0,-0.3896645162004233,0.1556652277847535,1.557079230268546,-0.9121218058663546,-0.590357575243578,-0.7468589545371468,0.09040945845893143,-0.3933933933933934,-0.4563130314533486,-0.5016868148595363,-1.1626745953415727,-0.6283494542649037,T12,0.3778453260407109,2.6434107199934287,0.2860665570569545,0.9633293714482456,-0.42822660137824803,0.5657882130193712,-0.33607669192648687,-0.7050899999357502,-0.6970671382900455,-0.5197054819424775,-0.35433343844219917,0.46236914438754334,-0.3372386036299706,-0.9134567484123367,-1.1139772867767974,-1.858441831316931,-0.5411778986074913,-0.48098625548754215,-0.43520731244706307,-0.3388684438412205,-0.4609765056511576,0.0,0.0,0.0,-0.5195158190732981,-0.4041017765644632,-0.15920433266943587,0.0,-0.9210296643651927,-0.5777180154376698,0.8942007838852696,0.895528741465962,-0.570788872202487,0.13528963048394624,-0.42720908785584716,0.37314657414041424,0.0,0.0,0.0,0.0,-0.16171952616624113,-0.171056873029005,-0.13038576179670072,0.0,0.0,0.33333333333333326,-0.00013366644708138494,-0.0001336829414674484,-0.00013366232348467714,-0.2896900821428475,1.3600027122804434,-9.739792079046642e-05,0.33313714428218644,-0.5525358870316897,0.7723368116938009,-1.3737172463719576,1.1374753345982889,1.2418461378349719,0.8248486984641469,-0.42623810363533327,-0.328453687198159,0.6767603036346729,-0.5027164832717427,2.1650359429121506,-0.8686968226051915,-1.3136994115023652,0.28408842952286656,-0.07060100922163633,-0.0007209598968507059,-1.7697107767964486,0.5986691118202898,-0.7703462553603914,-0.452871846586463,0.6991017976904987,-0.7419858073058743,1.1134362578036365,0.8921629803386145,0.6301798313939867,0.34179969200394034,0.12440245850546987,0.6391497053412637,1.6844586996375517,-0.3481816201335633,0.5685442595931193,0.2241098424307789,-0.1501785735611558,0.311061445802494,-0.35823438583231154,-0.8186985001401451,-1.3836912831276384,0.3711815886391081,-0.4553443012474429,0.0220928256744622,-0.8716693680567235,1.2008470657333192,-0.5448982605088102,-0.6187567068696191,1.7335365853063267,-0.685755717211363,1.2783266238894422,-0.3604933138736246,-0.13503037791338462,0.2632662072339633,0.9515793489161147,0.5612450108626305,-0.206949786986979,0.8818613994700844,0.1777373739151045,-1.3115532923656923,0.937325664017231,-0.4316972889532534,0.246618945954931,-0.44550731731243626,0.06264556421659857,-0.5026121790872932,-0.6207244332519746,-0.47223387719386023,-0.26440873791641967,-0.5488783986977689,-0.8205738489795267,-0.266569500312032,-0.5084598720294593,-0.7957909274419493,-0.400322892323316,1.4471014858650992,-1.5558507344183805,1.268266636007531,0.8760386620377812,-0.3962252730358914,0.9476001706960809,0.0,0.0,0.0,0.0,0.0,0.0,-1.2228763687781081,0.19510468459490712,-1.1433970993512188,-0.9522036399069461,1.6837702630684748,-0.9168308992360129,0.0,0.0,0.0,0.0,0.0,0
0_HN1344_0,0.21829043073805948,-0.5446356491117309,1.0627983385884174,-0.25720614881499826,0.0649779679346116,0.06222833661306888,0.09736939891590013,0.2922396080290817,-0.6059944203169649,-0.25313860928720233,-1.1906386283351367,-0.13837742308979994,T34,-0.557826206095237,0.47268443233582635,0.6160651814413368,0.2186164089648427,0.44946878328911394,-0.20386035913844383,0.40964824762841595,-0.18530925866754358,0.18305246073466855,-0.051801652324643,0.0816808738434314,0.29432223792574214,-0.3712210645035172,0.11464887759377554,-0.002198123814507989,-0.2950800998108368,0.7140335898362095,0.418336967611821,0.7657115699199002,0.19904327015818402,0.2514242956918656,0.0,0.0,0.0,0.20601812501188937,-0.18374695483416278,1.1397601531700996,0.0,0.060438759253139,0.3159930299066335,-0.02566452682508844,-0.10088255624578579,0.12385444097720458,0.12357765552136096,-0.4287152781111131,0.3675512500084765,0.0,0.0,0.0,0.0,0.6635305013324444,0.18966459868499255,1.950113521977032,0.0,0.0,0.33333333333333326,-0.0001590651106357388,-0.00015908160407588663,-0.00015906098727550995,-0.2896900821428475,-0.35365836539391887,-9.739792079046642e-05,0.0829435483339288,0.9901802802307316,0.27341906799422483,0.3477093577218819,0.4281000044252071,-0.008211143981546801,0.005016103848420256,0.03770838766925715,-0.0459483466483259,-0.0023572891252095223,-0.0010221416056495295,0.12198550375647738,-0.42985691856185726,-0.1669509781898845,0.6635321380262487,-0.2955992969136769,0.1211223349211465,0.009120765952919154,-0.4529497553384398,-0.4185119022807481,-0.2773900600640446,-0.24032079251247243,-0.6172826770458552,-0.23551476047689143,0.503795710075813,0.750275072486222,-0.1937460758758044,0.42713444107588955,-0.01619670404105352,0.008801662674942734,0.4925082256731372,0.5088740411148954,0.3424770976801131,0.18897188539446347,0.4174427471573318,0.29400834521225855,-0.4301600946062999,0.15610745215605198,0.7783330162881226,-0.009672180810930759,0.4424370783706681,0.17357620853878927,-0.36809833676791226,-0.3712157084766194,-0.21598066022482518,-0.0662741911471056,-0.5215873216752006,-0.04400314073606935,1.8887695317031976,0.11972632554128461,0.7200931929435078,0.6595463089662191,1.2451812272699214,0.4496664131550991,1.1140892359859706,1.195027887571856,1.2942945364817149,0.8470097103397367,0.5630004860099384,0.5403808155675853,1.1901400582732613,-0.6036747296016406,-0.20182591457097396,-0.24009928443663467,0.5733411359458462,0.19173151857464654,0.6643464838852204,1.1854461668704785,0.5456794086517881,0.5990596404736287,0.38350328660772237,0.21416879414432044,-0.33329032904567973,-0.03667930640257755,-0.28732263844220995,-0.5077698358507693,-0.11767142617224566,-0.33213389330124915,0.0,-0.26666666666666666,0.0,0.0,0.0,0.0,0.3885101305083441,0.10913242210699256,0.29451058975857786,0.45194447712455715,-0.2383524939547244,0.4005678575469001,0.0,0.0,0.0,0.0,0.0,1
0_HN1461_0,6.579482095874195,-1.4262907087292607,1.817946898648266,-0.39990616036665033,-0.3612150252695552,-0.5015118325253598,0.08056667018023107,23.72767504346452,-0.30954404289681303,-0.29119641633031285,-0.15108785220532908,-0.11101374070029171,T34,0.47865818302319835,-0.21758735499901422,-0.30465917542377136,0.2674052352218592,-0.41049087193939543,0.04808602471587048,-0.24643628079334295,-0.1926949748746913,-0.4271686329718097,-0.41455081381784625,-0.1573335090020782,0.09787732545815231,0.231291869698998,3.24341220244371,2.701699872592644,0.2718092531894648,0.8639409027812981,-0.08833774796667997,-0.4247003698976063,11.770599193938882,5.415852750696703,-1.0354294039219332,1.0354294039219338,1.0008756046873135,6.320739477263753,8.114691989816182,2.5946064003629306,-1.0008756046873135,1.4322616807081157,2.4819651799117506,-0.7295309922705426,-1.0016466600078202,6.41693489772464,-1.2203078064608015,0.004466747782778409,-0.8372954275156125,1.7454545454545454,-0.7492682926829268,0.7492682926829268,0.6400000000000001,72.31071378509378,126.5466085090064,45.53880763298041,-0.6400000000000001,0.0,-0.8666666666666665,0.10032486261002449,0.10032484254533672,0.1003248676261967,1.1752834385750797,-0.45162901582781595,272.9992978432802,-0.4757942567079059,-0.30715686301619743,-0.4665911390824529,-0.6387120688081355,-0.5698687728735654,-0.1648319915468822,-0.5836558364076772,-0.5179239138038578,-0.44949837488040684,-0.5454659058574609,-0.4642888060372595,-0.6625679017824878,-0.9477532728066319,-0.8230840547541235,-1.1547244635623009,-0.7499743374371355,-0.7232064213513197,-1.7273373652231707,-0.28702152153805865,-0.5817874938744496,-0.5471767733123705,-0.19983944067590473,-0.46186783713024154,-0.7451671014841538,1.1385394791490422,0.2581370690047936,0.6715007846317884,0.3487886039889024,0.958959152968332,1.0116762906210195,0.3050200217140661,0.4499663569615953,0.6913179482795612,0.009238391969314273,0.36181430416566257,0.6701518999345006,-1.2587920488768949,-0.6232625069336717,-0.8092829822074744,-0.6449176108009506,-0.9531492749746725,-1.1954019329664902,-0.6058851378387604,-0.5626996876678955,-0.7192795986341616,-0.18362051675445087,-0.6776722555877723,-1.0040142847505318,-0.1797436910690517,0.302508544780871,1.3940616060808215,1.1217572718555657,-1.8677683978736683,0.7173291847781988,0.2614571815383583,-0.3627705314867001,1.0059541061991621,-0.5606589936626439,0.20953828703365573,-1.8497156809275477,5.153574454068945,4.275251637906996,4.730936416207902,4.667184573566252,4.360947024891605,8.418684928925002,3.7648557636790807,1.065813511536776,4.202302388232854,1.4375247062936793,2.121445743814474,5.883443557109958,-0.041175332800053824,1.3005456636798016,0.30041569521005634,-0.07588740964281497,0.918687126538435,0.20785387928803017,0.0,0.5333333333333333,0.0,0.0,0.0,0.0,0.05764016364646653,-0.9248470685415823,-0.25570572351759435,0.007461159578790904,-0.3217453706446323,-0.40130060619860786,10.579039773991473,-1.0000001538272998,0.36217851216317076,0.18773395413915883,0.1323160409290142,1
0_HN1371_0,-0.23066382235068855,0.010619254093654678,-0.16998168750402207,0.9661717309987323,0.06194121485718697,0.053745322664556436,-0.5701646163029203,-0.08360992571518887,0.4952842831116783,0.9278462807690232,0.18644320706193643,0.6480771837910038,T34,0.008285090973932159,-0.22374363149310336,-0.7077745191425883,-0.31637575740248586,0.08559390722207465,-0.6621476144374961,0.2221578369717017,-0.21023712433714775,-0.605794444021893,-0.37087402958584614,-0.5026434624891551,-0.06302813804186536,-1.0743963016309854,-0.04623685007933235,-0.1880272652308832,0.04389151979499245,0.6873756105481443,0.3507816090938717,-0.4344160713864441,-0.08602065087235342,-0.03738271305553653,-0.7690368360578119,0.7690368360578064,1.004932146280517,-0.09419878348738457,0.3220519790021015,-0.2775145784208479,-1.0049321462805172,-0.19510303037636792,0.12780762024009903,0.27980674449768866,0.21626073091949144,-0.13396518293306217,0.6485734208920956,0.9605846371513651,-0.6092043501364223,0.4848484848484849,-1.0406504065040652,1.040650406504065,1.0666666666666667,-0.0869946770889263,-0.03509887471923216,-0.09094214287251162,-1.0666666666666667,0.0,-0.6666666666666666,1.2507436293898995,1.2507440034691741,1.2507435358700774,0.7103099178571526,0.23947587633517142,0.24682722582006592,-0.05014584907085508,-0.3228567336167412,-0.3523624398099631,-0.2755231415639673,-0.3600375848697505,-0.7838358484456628,-0.2058798190088982,-0.05752895329359507,0.19035802026932147,-0.21051854146171364,-0.01294531621045421,-0.7280340444300142,0.2353392805197111,-0.7087541377838215,0.06500409567167481,0.7753282624083868,-0.3340832756552651,0.6786991534451882,0.8933107555557771,0.5803279223455527,0.7115155138690481,0.03817641093777017,1.050926043498139,0.5297335098929196,-0.23593224062123952,0.018927741335699813,-0.07505075287178695,-0.697085807402508,0.1547148814096724,-0.5732433484865286,-1.7849104552111672,-0.5984756825702896,-0.9284737658889786,-0.3804822064058347,-0.970695679405803,-1.3945128509670852,0.17500527232494356,-0.8608226047628541,-0.2785475576348824,-0.0915432179088219,-0.43816539881298033,-0.37589886832343716,0.5054504119135397,0.4757823609153668,0.633110047218989,0.17730943898321244,1.201606600682783,0.19567209583019632,0.34753997125707176,-0.982679641478244,-0.1485507467383489,-0.4905682240843307,-0.680847469907269,-0.0760057346789661,-0.1222172795847077,0.04189631652823715,-0.36275751962388436,-0.3372405433431655,-0.604661854971463,-0.6868519368885614,-0.05718287808228058,0.44926513770312787,-0.5688806761840566,-0.9227793815531444,-0.38424189314025275,-0.7554409714210718,0.08442143101477362,-0.024629418838228827,-0.19709976768270807,-0.5173657205263467,0.12957067856039875,-0.45038109219181255,0.417104648375048,0.21911062004237145,0.4279708679653266,0.37073235080120226,0.331724398615507,0.3916977521177048,0.0,0.26666666666666666,0.0,0.0,0.0,0.0,-0.41629469348366943,-0.30089083361181657,-0.42322896000292703,-0.3506575101504412,-0.10977937495966097,-0.3978688241442759,0.5175289748302246,-0.9999998476225173,0.6927136338304659,0.6299753336653173,2.2214471665982414,1
0_HN1851_0,-0.08010790123542083,-0.1397259125151559,0.006637510860711553,-0.8099116933353364,-0.7502697344676797,-0.7052420428515753,-0.9285879710384922,0.519203413940256,-0.004679156039186776,0.6113937159950366,-0.36839173112189005,0.5019146276413617,T12,0.48387142746316636,-0.10723260999607066,0.6083378873913968,-1.8575619736067797,1.4613292888677576,-3.2666514727245413,2.039416834464368,1.0766694849137501,1.1038194484756028,1.606054584492051,1.7462434384855323,-0.150368844410246,0.9577900206197183,0.33382674498540005,0.7383727403257763,0.8120304745977813,0.8237730028938233,2.6931336954320044,2.425611247450144,0.38594020164053405,0.6401380407391473,-0.8823478959246539,0.8823478959246568,1.0032292504730838,0.15276264835635564,0.6218969058132174,-0.1667155032607234,-1.0032292504730838,0.09801717223376574,0.9148146758869855,-0.027743664810042895,0.0839908300601832,0.36141607873922554,-0.39220028440699495,0.42630048186774633,-0.7345323129705287,1.0909090909090908,-0.878048780487805,0.8780487804878049,0.8,0.20517723705741683,0.47573990159304497,0.09320487470105752,-0.8,0.0,-0.7916666666666666,0.13258687654451853,0.1325869073262313,0.1325868688490903,0.9721694250000674,-0.09853268599655157,1.3083423831672651,0.7231998595303508,0.9097207979074409,1.1137750040308183,-0.5479183690838287,1.2139611923529494,0.4927077248142832,-0.15648048872519407,-0.4349294040614953,-0.02189574619773622,-0.26076403477058185,-0.3874834062861528,0.8779340221696443,0.04766315742370304,0.11869762986261927,0.6208623451788946,0.0030082904168938843,0.8769857553809463,0.7831228336053156,0.36801640473676883,-0.1886706368515619,-0.06135603430038425,0.592007141516951,-0.2640779989855774,0.5519753962913353,0.21643125338682423,0.014960021077788108,0.05539942393457884,-0.1417823209115426,-0.8000352144522634,-0.16759525335448713,-0.5196066912269007,-0.01742627328394788,-0.14449318477393877,-0.6185967180312596,0.03742178338062552,-0.5558505561172001,0.2392939613510894,0.407465935475866,0.7586746463559814,0.023871957927858078,1.2167043744649015,0.9294595575211112,0.5752784007156463,-0.05782345838214638,-0.1888150983010305,1.0305277694108514,-0.14596995111045855,0.6108135313335319,0.4716229437870655,-0.4092080071089657,0.1930611166388348,0.4850213588226456,0.2718711101837221,0.40338599189932045,0.029628338548118704,-0.24195672710774513,-0.032874369309914483,-0.15804468074614822,-0.26778123330523684,-0.12602981257674303,-0.008783763443194087,-0.022450283890563562,-0.35742284634750493,-0.05190145924705174,-0.35564862116343177,-0.03554780041996192,0.23207765497279734,0.3397226992915063,0.024325020764743556,-0.23899137035153709,0.5971212436282147,-0.27610692411015586,-0.58553500918364,-0.009229358764765943,-0.7128006128787905,-1.1986271919436329,-0.8378939079909097,-0.9632899475587445,0.0,-0.5333333333333333,0.0,0.0,0.0,0.0,0.7761513500807563,0.7520678531266294,0.829099639815528,0.8284670031048328,-0.624710454891772,0.8475456201026287,2.0858012589580603,-1.000000089599446,1.112263854463936,1.1338094892304256,0.6539260051054194,0
0_HN1327_0,-0.45191361451908585,1.1036230609270024,-0.6993165040062573,-0.22557656421957484,-0.9921644337902465,-0.3071022677767478,-1.7434704099492242,-0.4174174174174174,6.471748265097908,1.697880690905433,0.5588919562482001,2.2714167831823926,T12,-0.560338874700342,2.762740462947308,-0.10196383632835783,-0.8051913639264332,-0.2023273847771092,1.1091140628232206,-0.5203146471887804,3.059768076959701,-1.0045722687110932,-0.8180663748617354,-0.41918529599740717,-1.5374422140286192,-1.0626563594483505,-1.1839064542774291,-0.5449591174636204,0.3591055356066981,-0.4673042106787141,-0.9898936052255404,-0.935773096251722,-0.37075915646792446,-0.5151337483091877,-1.5296507888633002,1.5296507888632973,0.9930566666773055,-0.6902754915993203,-0.402189445609583,-0.5441734549811744,-0.9930566666773057,-1.8153730851253445,-0.5356318849613217,3.9793125797990956,3.774168197587277,-0.6501176338620321,5.61339449255271,3.4539964158268344,0.04000190167169188,0.0,-1.1707317073170733,1.1707317073170733,1.6,-0.1656822485498192,-0.172677704801032,-0.14053647487853177,-1.6,0.0,-0.41666666666666663,1.804331657047635,1.8052444691912743,1.8041034540011023,0.34123967142860995,17.280003127446907,9.739792079046642e-05,-1.769783782289802,-0.18151081011510725,0.14623753245384188,-4.493977485356765,-2.4272612113474605,-4.9742400733095495,2.3061412244113675,-0.48599106315111457,16.88241883208865,-1.5292494994813561,2.5199372023042645,6.869358552726078,0.24675976887357642,1.5084712797764517,-0.5434291493346055,0.8841776554235841,-0.35573698082021515,1.2256735853240897,3.105168034023732,-0.06948145236329652,1.9722418662634922,-0.21281328490973522,2.3412207328379506,2.244163377656032,-0.9000693889342409,-1.6530178234645743,0.9798991108098648,-1.2108742377158204,0.39088824994808336,-2.1785241063250464,-4.3926447227758505,0.026242552790201802,0.14545981859952906,0.08761052621446079,-1.4746678398058453,-0.9933913422094334,-0.8185490300278874,0.7915118807499164,-0.6273138842916886,-0.11139692912208604,-0.6749874360626413,-1.4667433002345942,2.5486929810755816,-0.1223100845736518,2.293167575705406,-0.32961815399961514,2.0487329153286242,1.8655634353800143,-1.8577588624203152,-0.8535590210968795,0.3093334814938033,1.1398924975120004,-0.16424972958255593,0.7394683939160286,-0.4416942250056646,-0.44412563354628326,-0.2752342012156414,-0.6273656159281359,0.03777791112431651,-0.29012250365243697,-0.45576895275109836,0.03485770421054258,-0.6408899402222037,-0.3598516189434082,-0.7831281157620791,-0.4965642480894924,-1.0549035999288527,-0.9521115249690947,-0.5387889903409887,-0.8715959916524696,-0.8399159802040186,-0.7779533225805528,4.919227416721299,-1.2149526945157427,2.370281695736575,1.2864120752889174,-0.5878760216409823,1.0059603767977647,0.0,-0.5333333333333333,0.0,0.0,0.0,0.0,-3.0569007097318543,0.660514295193497,-1.4518594555318922,-1.7347011867701143,0.5418941388342267,-2.449123252019707,0.13470877783106952,-0.9999989124153202,6.547697763866941,31.075461652249253,10.115491282483909,0
0_HN1572_0,0.8125524614779387,0.031360992526364526,-0.49090997221163263,1.727091050542528,0.4558722179529144,1.0303912157430142,-2.375575842201139,1.459617512249091,0.6256880491628847,3.1264905588453673,0.15873511129592902,2.684598535007067,T34,-0.5583028974205667,-0.45981354768087734,0.5668108190347654,-0.07971882235519619,0.38919005386775,-0.7339844963407067,0.575536193548872,-0.400556316526496,0.1076190955965779,-0.21278213576272575,0.23344412465627512,0.23809368125468502,0.39116573325007076,1.276604498673677,0.6463098334699194,1.5859255729264519,3.14067958788644,0.20382537387163616,-0.12490259542535344,1.1066515210842305,1.0690300369287413,-5.143462609228765,5.143462609228772,0.932603820576152,0.6619109578077146,1.2313979800435337,0.07449738497812262,-0.9326038205761524,0.6027013112788869,1.3452945972923955,-0.258719269425233,-0.24521235606696193,0.7716420691845446,-0.2885610471564007,0.3576891502409812,-0.6089202434648946,1.0909090909090908,-0.878048780487805,0.8780487804878049,0.8,1.1648020637225793,2.152180041181053,0.7000250091483857,-0.8,0.0,-0.7916666666666666,1.1274634937117214,1.1274634497920377,1.1274635046916432,0.9721694250000674,-0.28468766741836077,4.6127733106898905,0.009893702795001994,-0.03838429401595828,0.1671802175839366,-0.37005835486689576,0.2770086030409968,0.06639788105904199,0.1680937749659896,0.2931290666424074,-0.311569276716734,0.3434372090301656,0.14623296403056668,-0.19397004603376133,0.5580781655795704,0.40933879215996716,0.5440713384785667,0.3439793950837217,0.505700554336625,1.6238056147712798,0.2790206857482264,0.6396118827887124,0.20328000835984827,0.7476779783401135,0.21578291127223118,0.20217224636857042,-0.8550658890896106,-0.6923435611757173,-0.9897473406447991,-0.8162519680608302,-0.8625306315993959,-1.478420106445202,-0.8758082884531728,-1.0043680111395275,-0.9066341927401992,-1.3532416210709417,-0.8870794028957978,-0.5306100632677765,0.5969785302552673,0.1228737959140928,0.18915427265219717,0.18735060944635942,0.5671789140666907,0.9627018957328388,0.12710917829156845,0.7319038436566845,0.013981513268111478,0.8465409023728453,0.14311778989433116,0.20310016057480804,-0.3552964075938695,-0.6812797931461281,-0.5770733458113918,-0.48210633203841635,-0.17052066624920184,-0.45400635442606785,-0.44720711811468794,-0.2082238529242344,-0.865314935258358,-0.23462688382962388,-0.6919905195199607,-0.24084451620415223,-0.0016981248283707247,0.07075529522938691,-0.15558969057363503,0.688342126100279,-0.1027947753764344,0.19984595856938397,0.10657951009213323,0.04340092002086384,0.07255619408938202,-0.34165758199867086,0.10459477566078712,0.025204669094242595,-0.4267819345014946,0.9809884009430435,-0.5785874808250167,-0.7388747976081398,-0.5664007667607192,-0.8809034648230677,0.0,-0.5333333333333333,0.0,0.0,0.0,0.0,0.5291907362277,0.5819153108273964,0.7428480199060872,0.5161520089795115,-1.4986133243910713,0.35260807564462354,25.190777832547372,-1.0000001626825545,6.658702329295836,60.228986538876185,0.06176217674701082,1
0_HN1263_0,-0.3415931376172335,0.9399925257325956,-0.117794789807907,1.0674905822476457,1.3312200485320007,1.518967433057442,0.5461221452195014,-0.40540540540540543,1.1159198179172567,-0.20817398211331545,-0.00010548696230916302,-0.2836838944627185,T12,-0.5206140005829819,-0.3348051148334634,-0.8195920902310616,0.9713066863285753,-0.5335942499649952,0.7521046080392818,-0.3999643621160688,-1.0422795975456927,-0.8314545454615534,-0.9284528486872982,-0.45635655415736903,0.7838285237329361,-0.5839049265566101,-0.9557938139407144,-1.2931044836858117,-1.8660919092617716,-0.5170606532889712,-0.7917811118949816,-0.7323305854713219,-0.3430706529896653,-0.4678839905793391,0.0,0.0,0.0,-0.5251529470854368,-0.40581385130378084,-0.16929680201507363,0.0,-1.070976191305592,-0.5735603985984147,1.1599261274613275,0.9379194313028195,-0.5878509703634419,0.3265324575464299,-0.4026147659390741,0.46451166062165383,0.0,0.0,0.0,0.0,-0.16239883282535894,-0.17135380182592344,-0.13209833007378524,0.0,0.0,0.33333333333333326,-0.00012851901842001276,-0.00012853551299778053,-0.00012851489477537888,-0.2896900821428475,1.5372573474537463,-9.739792079046642e-05,2.1304098155733437,-2.094204232294705,3.8440893897247514,1.580666618237427,9.266184300860061,1.0890817743431187,2.241147016129525,2.1235998130990925,0.7062520387068527,4.779899564491822,1.0123011303114635,1.6534183571859984,0.7052594996086278,-0.3277997864088472,0.6231697713906016,0.31128026445348494,3.3846924388104296,-0.40359393808699306,0.29295230349180323,0.48974075794411287,-0.3132297045794637,2.484913926353172,-0.7241109671519795,0.3866113280645822,-0.16690027923299763,-0.756481923923135,1.094348088017333,0.39733943681575157,-1.3136354583691758,0.43250226459669594,0.265713924913341,-0.35175594748411837,0.7396999734116593,-0.5438466228994894,0.5303466555159028,0.0695346967259037,1.0165183677300094,-1.6824931020458453,1.1790685984758014,0.3022937952248385,2.849317129056503,0.004188415060300569,0.6273893481896612,0.7067904190696966,-0.3170075310412132,4.6179947551797875,-0.46219593926052693,0.36556295012907075,0.29437378742034265,-1.3385519052614625,-0.5805274729344525,-0.40886086511930986,-0.07923475096681999,-0.5828514970986934,1.2657270295942478,0.9581763409558051,-0.2804647088331082,0.8729969816327536,-0.25936467604211966,0.03099972597700616,-0.4951059152408279,-0.3488141959318682,-0.4728410845373629,-0.9837401919809616,-0.7909697605158785,0.056874699774872625,-0.11203903675839093,-0.2890194946313752,-0.4837694092117708,-0.720296816898459,-0.760119252290847,-0.4218220682165033,-0.9510354127387874,0.2747002467304468,-1.3918117409007025,-4.744020080365878,-2.305185743450214,-3.3223198337965676,-25.0,-1.0666666666666667,0.0,0.0,0.0,0.0,2.2741357595567067,2.086820556216184,2.361520067429851,0.7110488360845446,-0.3545797872543904,1.8350274256240107,0.0,0.0,0.0,0.0,0.0,0
0_HN1913_0,-0.20548382621849542,-0.3303617776843283,-0.01361805061499268,-1.037551594243182,-1.1060405254489991,-1.1327301581468863,-0.9250262492049933,0.23818555397502766,0.5206386607238475,0.5187029651041406,-0.223864033874048,0.557641032748508,T12,0.4796989666868068,-0.4791246680775585,0.48525066322857174,-0.5856506103725346,0.6444427361065853,-0.5106624971981024,0.6919292522361724,0.7113988461772028,1.2494304985049827,1.195646776347132,1.3641745895268236,-0.6671781421906727,0.39385181104600747,0.3420333174535377,0.7021239828963438,1.140823058958513,0.21367642178022478,1.4559498976565726,1.3944181254159396,0.15124411212367622,0.27600679624041713,-1.603134785886537,1.6031347858865412,0.9919971124102238,-0.03204131347672282,0.39717712183220805,-0.24912289445937805,-0.991997112410224,0.048251040198974894,0.4421256005115716,0.030822601598215937,0.1150318188461766,0.07550136271580096,-0.10578907615491602,0.5209918552283771,-0.6514352167983671,2.424242424242424,-0.6504065040650407,0.6504065040650407,0.5333333333333333,-0.04671243447207745,0.035330480515696205,-0.065552234291216,-0.5333333333333333,0.33333333333333326,-0.8333333333333333,0.9155072711617447,0.9155072928783988,0.9155072657325813,1.1309297535714573,0.34559602759286245,0.46643628940706955,0.6941345688745663,0.6645519065831146,1.6463119454519308,-0.7483057379523258,1.7045422602261313,0.6698192085542405,-0.8989793947079485,-0.4333722120683682,-0.2604558919979568,-0.31970304446743447,-0.8774841289861918,0.08922710184899102,0.15771748859884355,1.4855652348759223,2.2997779597724533,0.48020008393658176,1.0829960606620028,0.8539821735698079,-0.10568794456621504,0.2799198527799787,-0.2519545821396808,0.8322868921068116,-0.34160291699644507,0.0032869580283214146,-0.02387382171944608,-1.1911638340444626,-1.0260996007078553,-0.6658286303232036,-0.4677578021497019,-0.31483181875387073,-0.1944192846292375,-0.09977222651042748,0.0982773583841545,-0.8572140237043046,0.03799787531584666,0.037708089646853606,0.29367883386159105,1.2813503921918201,2.0895082787606074,-0.08432313522626084,1.407443315316792,0.6401989063234867,-0.3287212793118724,0.23848139601713736,-0.30093053559762184,1.1440424175704547,-0.46047021295411517,-0.15274176810389212,-0.32983913382161734,-0.7614547240878375,0.08931424152649138,-0.40717928797690844,0.2814327959418188,-0.1982789110142672,-0.8432733232794117,-0.38428506070101426,-0.4129401213810211,0.07722268677677904,-0.7750221290759146,-1.0361790085646811,-0.15121929990476493,-0.10935408662909511,-0.5389265428365416,-0.5628176673015163,-0.45915581588306204,-0.38587238058428985,0.1010612988842474,0.0989193113092143,-0.03454579456073715,-0.26926928686999824,-0.1095886544990701,0.4452438644116746,-0.32960820257796397,0.30501173598318443,-1.0345087038543062,-0.4357102956935545,-1.1505898745564798,-1.7521336255522137,0.0,-0.8,0.0,0.0,0.0,0.0,0.407500020727433,1.1188926543674742,1.3745954485697538,0.21579467990192508,-0.9565503293334653,1.3142544108076337,2.0358430010706443,-1.0000000873636532,1.5559823100868324,3.0922333453814317,0.6184288521071966,0
0_HN1562_0,-0.40751465105207124,0.43064768821487004,-0.3555994675894453,0.17189067656571078,-0.6769588592366487,-0.8560356001955839,-0.5145459923515726,-0.3908645487592856,0.0544811479242082,0.5589435222989606,0.4744996060563007,0.14043907064443076,T12,-0.5455933218088534,1.752209234023196,-0.06592402632972244,-0.3074884751261968,-0.19890986052881632,-0.3203718597236274,0.007442317647569383,-0.1289387527911896,-0.6764496285644318,0.8022520485786788,0.42159764736244604,-1.213982546348062,-1.7808109073046898,-0.34039582564726995,-0.3717291940303772,1.0879577359872592,-0.42201106944446337,-0.2793610652626173,0.07076062521212256,-0.34667841428041335,-0.4253099728969899,0.0,0.0,0.0,-0.6431984651550495,-0.44166592866328797,-0.38064037447645,0.0,-1.3050644292608429,-0.3339033980554096,1.9132734829506788,2.148819135759234,-0.603150665622662,3.0222497090863834,-0.055938559048915024,1.7523740270122474,0.0,0.0,0.0,0.0,-0.16247693576993993,-0.17138794106636654,-0.13229523175793773,0.0,0.0,0.33333333333333326,-0.00012779095675324178,-0.00012780745135812453,-0.00012778683310182915,-0.2896900821428475,1.5610877730638901,-9.739792079046642e-05,0.9271757245322592,1.0963823199462055,0.3283388278394349,0.9001327174798379,-2.8895135809842527,-1.1438325686051083,-0.8751535490592263,-2.5648076604885675,4.859707075896763,-2.661647424238042,2.0238622733476523,2.9313084178510644,1.4618865779105263,1.6298417244200334,1.8658387915566816,2.315232650305362,0.28401851523845023,4.2608493950616,3.141602712181452,1.9578618993796635,1.4660653320124843,1.0770750989518865,1.4399703802827997,1.9407858959346804,-1.6396252454522346,-0.7567778857706075,-0.7578187522168713,-1.1590309580590852,-2.14950592535939,-1.6779715891573446,-5.3230603977795745,-4.005303557870132,-0.8102762304553017,-2.9022945799888396,-0.3290606404219933,-1.5146635143864078,1.7017411048292581,0.5344077257027082,1.0593878448277139,1.6028217953500783,-0.21064937872047948,1.339523128859518,2.6301969052893392,1.236145802786124,1.0994509278142615,-0.1985555585766828,2.0442736640533203,1.5303168928370625,0.09622153471737811,-1.1839864798623128,0.11039370669519953,-0.07495580251882425,-1.389526802734851,0.3981738177190646,-0.23791274186967312,-1.241073288273135,-0.45402908540642073,-1.2181830518294283,0.7274504335075127,-0.23166310966996587,-0.44746334043287656,-0.6918265264964073,-0.6813480560858912,-1.1069925261642695,-0.25337091246802074,-1.075938372956744,-0.9153887776842303,-0.4705497443866462,-0.5790244329708503,-0.28458355567019455,-0.5980016483746308,-0.7706065647841398,0.0036736311242267345,-0.853885859377381,3.058644121657156,0.010743251341724038,0.5275294536999284,1.5118381321949876,0.0,1.0666666666666667,0.0,0.0,0.0,0.0,-0.012259407586942635,-0.30910399198193117,-2.2332471107736254,0.0019788380318435115,1.0427167546423723,-2.088159838676399,0.0,0.0,0.0,0.0,0.0,0
0_HN1483_0,0.5385050735830262,-0.5267440546705253,1.519008553039997,1.4711383725125071,1.7889627014497809,2.033059218756078,0.5576451630287447,0.343764817449028,-0.058694935218967334,-0.06260262928182753,-1.2912067187344558,0.010551486101684248,T12,0.3764447121911774,-1.1797009521117665,0.4453184861771134,0.7488379317768944,-0.4257492713342552,0.5626533481363571,-0.37200358322912397,-0.4663367397636621,-0.26294006458755154,-0.46576270774787243,0.16187670762093156,-0.4711068026397145,0.19437306432138093,0.7502819183172473,0.1850061126219272,0.29252475426988217,-0.23547426276271585,-0.7733223660144293,-0.46605489564168057,0.33874281613218515,0.3109530702504414,-0.2457416711756364,0.24574167117562923,1.0128897665989405,0.6461381008500323,1.2215520682459047,0.05370869557486487,-1.012889766598941,0.2057289199145808,0.2137401530479052,-0.2095986729062061,-0.2883897003619705,0.3757430674577956,-0.46282382368336494,0.42524420999401386,-0.7757262836042783,0.4848484848484849,-1.0406504065040652,1.040650406504065,1.0666666666666667,0.26225125726862797,0.5755309099669217,0.12917437976204071,-1.0666666666666667,0.0,-0.6666666666666666,1.5033296272230467,1.5033296351901688,1.503329625231267,0.7103099178571526,-0.17219244703532272,1.3437996827245493,0.031920548526808895,0.6543596230443829,0.2860266634618614,0.16965799362235687,0.9567193921530758,-0.4648357756031363,1.8510183852128264,1.2403589299183835,0.303804913714855,1.5908375705490843,1.4761309152379334,0.9959291346779694,-0.23311858997642423,-0.14846340559282586,0.5599215307101933,0.6574973662763929,0.17501747269633958,0.009124326027601498,1.0639874641595075,-0.04490010735309988,0.07403362269731945,0.44406651546584547,0.6303678074584411,0.48377015772402854,0.0857831114508637,0.39295747654062013,-1.169771684664262,-0.5099827919888325,0.38184095368109366,-0.4783399398256937,0.14024514628377321,0.22404963188471208,0.15663900330879926,0.12399372832086375,0.15114402746102423,0.007777153155746313,-0.22401100674076993,0.2621188462409086,0.4478082689233773,1.256931898981802,0.46696084953746236,-0.41097812741338385,0.32110115666447786,0.014104661947505398,0.09430048525845786,0.45988462230264726,-0.04656772724658222,0.9467742891911592,0.22788035924046032,0.5483894002187194,-0.4915067887112881,0.4895289123768396,1.4118226370315685,-0.4350837927148192,2.368751609705473,0.2238771554740498,1.4246266463159722,0.43972260999341606,0.5381312067456085,1.6265284329377978,0.5439941112450825,0.09259995369156429,0.3874873126829855,0.020804040121039095,1.0578704698808288,0.14042069480180686,3.113287867073927,0.7648877592400783,1.0791288670072423,0.5065830427304823,1.893563878536329,0.896043804332336,-0.38966840905278344,0.10842849418337308,-0.4151432628712871,-0.6153651718060491,-0.061718133826451346,-0.4939117297490444,0.0,-0.26666666666666666,0.0,0.0,0.0,0.0,0.47177468475087214,0.06392342967479463,0.4555871762251704,0.4624660601100632,-0.41564892552952126,0.4357090079644643,0.36624309875333744,-0.9999997157548844,0.21116569089405696,0.036235291762317844,3.5714373422917065,0
0_HN1838_0,2.7936667922538865,-0.49123367578062044,0.5501135424431846,-0.7973986393155331,-0.8246539256912276,-1.0398051514410351,0.0014586368771750033,5.196933775881145,1.066534514770164,-0.36318640237566696,0.3689780169996616,-0.5151900601254197,T12,-0.03288789022973735,-1.3649281601043353,-0.07892034445205162,0.3684826960047944,0.5917717872637037,-0.3743016861300688,0.8786223806336828,-0.4683887772086431,0.16025728448389823,-0.2536087484528238,0.7487650253621001,1.1360057391127532,-0.4706795969028175,3.2012531242902016,1.8585264158539119,1.0585711857638143,2.2138732130182457,-0.17509396623340917,0.134167695842052,6.697304829835914,3.069376072033522,-0.15567140979062713,0.15567140979061952,1.014244205440112,6.7278522460534775,8.609972432392121,2.775798416588123,-1.0142442054401122,1.0547528441197631,1.3703280905685835,-0.6827173047350433,-0.990562364834568,4.629263220841477,-1.7637491579930757,-0.23768620096474805,-0.9369350278391564,2.424242424242424,-0.6504065040650407,0.6504065040650407,0.5333333333333333,20.186114184989016,35.410865197149754,12.686454436629095,-0.5333333333333333,2.0,-0.41666666666666663,2.4430100943511786,2.4430099872904507,2.4430101211163624,0.5,-0.41873604023280975,79.90812705046146,-0.5313669114310667,0.11353184142760665,-0.22272544939745248,-0.19897252093547177,-0.5978555501121449,-0.07872468318375245,-0.8826817969755297,-0.851948846850813,-0.5207394190644712,-0.8446571238822415,-0.7619568312868195,-0.46306378152076366,-1.3506693240740832,-0.37439345294688897,-1.084624151808537,-0.12106204679868908,-1.0350235626608268,-1.9541364700006296,-0.6167049848486865,-0.7622994191752108,-0.5808127974526325,-0.620970483477494,-0.7405652619722503,-0.675573655563509,1.297604695255398,0.4502769474086459,1.1171776134337945,0.3181409150211558,1.192948333808759,1.4077282481374112,0.38701779221183,0.4256715618909046,0.6399591529965831,0.43210187732270994,0.36778905093753456,0.7460510044733468,-1.3708566227512362,0.8642583956708084,-0.33888550921466765,1.0673049636269387,-1.0922343111394772,-1.1041815462492657,-0.6624676254746532,-0.5840602358558155,-0.742038815951246,-0.4579208323223465,-0.6784779778988922,-0.9910908466961164,-0.08488371977063296,2.895478467149938,4.261443887108848,3.0076540883174303,-0.9678367224270807,3.2086331446673184,0.17611592805598394,-0.309189067085672,1.2970913533258175,-0.31894862353252224,-0.08039559636944435,2.3902666212189607,0.2719051693232846,5.0899319431707255,7.1967787535389816,4.315936103250924,2.1680861505635356,4.876142179711725,0.9081557950453096,-0.9302283122200357,3.0224601816456045,-0.6145887719739669,0.185899555868694,4.558166080073064,-0.22302553106478873,1.3813971699481988,0.1813059511965513,-0.3584885731535481,0.862517573930166,0.08806244404843025,0.0,0.5333333333333333,0.0,0.0,0.0,0.0,0.27639386475348976,-0.8702403634603026,-0.13661940706861392,0.200694559616997,-0.49375585527554855,-0.31137694243323855,0.7797791036902229,-0.9999999565237112,0.046141606853441416,0.002425174760138811,1.4977945379581616,0
0_HN1308_0,-0.008351524974538225,0.0026395674524339365,-0.24113053310940144,1.4511628576116673,1.4150428512688873,1.9050450091543705,-0.9339750389945206,-0.05294768452663189,0.9610737382541242,1.50047733001359,-0.15261595104941839,1.3799676873939501,T12,0.5155686882809928,0.21100275794584425,-0.7082404216992703,-0.27797504235939186,0.8286481807966306,-1.0233802911879408,0.7522274295013194,0.025916078159552432,0.5452045346822476,0.25853584600464713,0.7446938716912574,0.7898345260849106,0.8850322320999636,-0.25274298790191047,-0.3809063519069754,-0.1824504295896868,0.13358709598103705,0.5036395564552263,1.0273742015624523,-0.00552955816485121,-0.020252458147380335,-0.8937117882341967,0.8937117882341986,1.0030412765228363,-0.04421245170151372,0.38274977459038884,-0.2550993835615115,-1.0030412765228363,0.017685524700458036,-0.014254493785176355,0.04744336009624619,-0.027168315430762348,0.04196447055012686,0.42043062286072913,0.8342172689676582,-0.6280865548831582,1.7454545454545454,-0.7492682926829268,0.7492682926829268,0.6400000000000001,-0.0967807699081219,-0.05220898648271134,-0.09711012421760723,-0.6400000000000001,1.2000000000000002,-0.5066666666666666,2.193731712714241,2.1937317942165335,2.1937316923386674,0.5752834385750798,0.513220325812243,0.25964426218832287,1.8487071494671503,1.7487698122190456,-0.20378671731385273,1.063049784947452,1.3471222096300233,-0.0944362139315063,1.0961494459994283,1.4064606367981998,0.3965110483672321,1.3998783113036395,1.1670381362617852,0.5068394809483078,1.5233255700690345,0.41699432678338905,1.8077040984693107,-0.5781112074452811,1.2987976217053219,1.2886740319409977,0.40696119317533463,1.6854598128583715,0.027369190352301714,1.4855538179248027,0.3317945742631533,0.2536320440807335,-1.1826921187812214,0.523177673190986,-1.7614435447930104,0.6915693745286625,-1.6310612512911522,-0.5127688329551717,-0.6589165734848933,-1.6271015810558012,-0.2397152824215667,-1.5213511667885413,-0.4084694613736062,-0.28409749211559376,2.1974538861813286,0.6849027330022623,1.0847458513693322,-0.49288037073267815,1.415280934669256,0.5974123325304395,0.6162267638858808,2.0412641601280046,-0.05394360710955084,1.8803761173660767,0.5122202944521139,0.3926936947191308,0.3995955201189221,-0.5679481761497785,-0.049384335554795704,-0.2714251349882069,-0.1340079926128773,0.2825901788208359,-0.24858696008562858,0.1580197188188334,-0.20361373600088456,0.16792563875910005,-0.5926573523828139,0.6892872587124174,-0.16077339492709872,-0.3281463132653428,-0.4516780420554034,-0.5019298607491772,-0.10646552658009469,-0.6030919700268539,-0.11978421607290664,-0.00019879414401603688,-0.07574650083050609,-0.16266117946379804,0.1893380127165578,0.14521803552144802,-0.5850235517989055,0.5975449229186497,-0.7613825135134419,-1.2278711991715976,-1.0911095825310906,-1.1184671870661294,0.0,-0.5333333333333333,0.0,0.0,0.0,0.0,0.7703178572070641,1.0838577842146202,0.908993213877536,0.8788643598401459,-1.2042868198816088,0.9622804561928582,0.7511278228356254,-0.9999999476728014,0.8317241888308156,0.7979644823217643,1.6010150169181705,0
0_HN1208_0,1.0982899450982146,-0.6879065650438958,0.16869458908806312,2.9517333298068262,0.9113424007011562,0.7773214564907289,0.3571537806976311,1.6429587482219061,-0.4963967465299353,0.7270167912506421,1.400568276491979,1.199270643361032,T34,0.5224580671619399,0.255448885685101,0.5403705577707174,0.2788286046808753,0.7810371323764975,-0.4935565626352926,0.7313668216684797,-0.5421956124827982,0.10666455141858375,-0.3972274919532992,0.5978318625386838,1.0667935495634366,0.12579005262002174,1.2839987282963932,0.3496950691389188,-0.8965457839653453,0.23601024931933054,0.12925480131332268,1.190732444359054,1.2607653626417843,0.9504554327945883,-1.4772250730513952,1.4772250730513914,0.9940272349740942,1.7658931453792535,2.580720836165388,0.5566266927286919,-0.9940272349740942,0.547541362660736,0.9778383644528389,-0.2662207907219732,-0.5697397401942462,1.4043964370249027,-0.1899847969907941,0.5101699715608117,-0.6916646883716653,1.0909090909090908,-0.878048780487805,0.8780487804878049,0.8,1.5765543171483858,2.873463629567629,0.9575668497999091,-0.8,0.0,-0.7916666666666666,0.9383646445945554,0.9383646042655558,0.9383646546768063,0.9721694250000674,-0.30541673046675094,6.142040795699193,-0.3741390079304054,-0.2778046812351374,-0.4210189725947762,-0.5613840337128668,-0.33216714411462384,-0.4919735614688636,0.3557647572253727,0.3518996075447085,-0.2524218571206543,0.3907325562768342,0.37352358860055107,-0.4507444620972715,-0.1836208788378989,-0.6248988479307013,-1.0824617889584491,-0.2878290522611203,-0.07291689974813993,-0.8151997895022699,1.1006167992388303,0.5728224656672511,0.47259840396364283,0.7933255790015274,1.8064611871521146,-0.001491523586390624,-0.010608771410119885,-0.05235087574567924,0.7286426408723546,0.0374328818210837,-0.17343709561355444,0.2505145545449081,-1.5036154855756971,-0.6643796798939025,-1.246642568004522,-0.694400121518882,-1.6914783759606296,-0.43956034853315157,-0.40099011100443355,-0.4263390255217487,-0.8905171785959134,-0.25218273950768394,-0.2609622904834805,-0.7655389813302119,0.6935311575338343,0.45955649838314216,0.17811518145459906,0.5055647790011386,0.9654182503661636,-0.13770114225928531,-0.07804160511956561,-0.3109318094263649,0.4056560852319883,0.11131380987351425,-0.04818645780625313,0.08509351405247748,0.4108881932975735,0.7404333878328773,-0.2817148124780832,0.8147882390430431,0.7612820789387147,-0.5062428913751662,0.9069277930761293,3.494153584658026,0.6089221002115012,1.5392371025239349,1.0366170660052956,0.33182696788426536,1.0225460678427487,0.7700521930630906,0.5293241345895539,1.5237804046009775,2.1222435427018436,0.12552174394232202,-0.33364439647539157,0.6705026738393822,-0.15635206601966073,-0.5180458117134203,0.3949703200949213,-0.19197299296011888,0.0,0.26666666666666666,0.0,0.0,0.0,0.0,0.4020576937078972,-0.3298732090549839,0.18376804492516852,0.3821515486064451,-0.6765061831006037,0.04382376394161828,4.576153743099454,-1.0000001330671826,1.1235160596446043,1.4768411732114282,0.30382738621449956,1
0_HN1879_0,3.192061468345763,0.7655738279149218,-0.6258468872954415,-0.2902219629175967,-0.13358396097485573,-0.21852831923371263,0.18136137015568043,0.2814920183341236,0.017086371753100005,-0.35449329153859016,0.7705138668047221,-0.654194006849677,T34,0.48663716866154805,-1.6234767548435387,0.5640075603482715,-1.1189565173531473,1.0487954261619943,-1.6552671622416995,1.3746314497518306,0.2776716426822968,0.537432876435591,0.34069432233833224,0.3377225463169077,-1.1354620579757808,-0.6045980030480805,1.3421115937003216,1.422987723205286,2.0701374258137397,3.5014292918901724,1.14528821246079,0.6003061536915718,0.9386040820250806,0.9570504483553262,0.0,0.0,0.0,0.7635629198066316,-0.01441279085020008,2.137964156728102,0.0,0.24714773474814528,1.045982629479964,-0.15553831805498342,-0.3551295616435684,0.7949491175107677,-0.2781258723869041,-0.4803753901907751,0.17563985583542163,0.0,0.0,0.0,0.0,4.156531383469845,1.7164751129747386,10.756154832311259,0.0,0.0,0.33333333333333326,-0.00015916578247109566,-0.00015918227590749418,-0.00015916165911180412,-0.2896900821428475,-0.4259919115655251,-9.739792079046642e-05,-0.3480298066082278,0.4524437990990069,0.8384435816995718,0.01826197250927969,-0.004250213213970104,0.29718076982814645,-0.32371866739017724,-0.36428521679257,-0.31063285684449843,-0.29852845103173486,-0.25925099010828084,-0.2525309414907229,-0.675157944128553,-0.07217552193171801,0.13847615716979847,-0.1931745719192873,-0.3918698938123414,-0.16327067073368792,-0.5440081871612554,-0.6096077161468749,-0.45212585324455923,-0.6123335949360684,-0.4567672642450533,-0.5725905253390738,0.589014660357206,0.14215180207383124,0.709376643864678,0.019161426848031484,0.6126782160152694,0.225582438600488,0.33478531819546603,0.4055164549852701,0.4439454355854208,0.7021250600273781,0.06352299833711801,0.499578814582812,-0.7380200545796777,0.6426933652677956,0.6348551931875716,-0.10501525692342642,-0.12648907896152475,-0.041613775123986195,-0.49173863577646026,-0.48569105422177933,-0.4775207389368353,-0.5847170848480132,-0.3411770141833917,-0.4570569819308718,1.5349531207984162,0.8661510133308931,0.875986119727271,0.10707569594803898,1.7513137339411062,0.23960837790936276,0.04892956502304706,-0.17200236344796352,0.41591882881994924,0.8943432990452461,-0.1441552272024432,1.4611775585940119,1.1371383173822158,0.5412441337087859,-0.03930010666767189,0.22092368082481242,1.361171904940789,-0.12494486974384035,-0.6883942314461672,0.33400177306314693,0.40145592970343646,0.8592994853156068,-0.4721079776140566,1.278178604166155,-0.2594159635356071,0.25289019674047214,0.06881418221147341,-0.35908251892899457,0.3324947714034107,0.07960681834331029,0.0,0.26666666666666666,0.0,0.0,0.0,0.0,0.2946958054035014,-0.3115282610307786,-0.0626308865732811,0.3241493388391872,-0.14966939518457617,-0.10713126698806157,0.0,0.0,0.0,0.0,0.0,1
0_HN1022_0,0.30718739187892913,-0.02560007582912754,0.00043203585477070684,-0.2983392529812081,-0.34032202098960257,-0.11689170479824981,-1.3192391014414104,1.1150624308519046,0.7751266153780353,1.2226771990247336,-0.3969855717732627,1.1265216237913798,T12,-0.46193215940909355,-0.4050709976300305,0.0899697427841583,-0.7217614061931332,0.7959247182466601,-1.1521317888767175,0.9124063510860146,0.4066966452682309,0.6883137454126134,0.5157722889696631,0.7423147665938419,-0.5845624758541971,-0.25614457515020184,0.9607657159199718,0.8931717389054749,1.1873935241667009,1.2229847295189735,0.7908419843310964,0.8703591417396392,0.8219968844954657,0.9786002789946691,-3.4633203678689926,3.463320367868993,0.9619723258479137,0.5913895944680985,1.1522789308960428,0.03327365771934097,-0.9619723258479141,0.4251713594313745,1.5690659584129072,-0.06018495876652673,-0.14147198562783958,0.9923905741278937,0.30213378819855713,0.6342726611636041,-0.5130382137747455,1.7454545454545454,-0.7492682926829268,0.7492682926829268,0.6400000000000001,0.6013072138219412,1.1683036493466759,0.34292715617142316,-0.6400000000000001,0.0,-0.8666666666666665,0.0027691664677056997,0.0027691660272328614,0.0027691665778236453,1.1752834385750797,-0.18673593806754743,2.8735441528416197,-0.3297718104720623,-0.03796206292592897,0.16031605745986077,-0.6947179539643761,-0.12391611239801649,0.3966849318110174,-0.5319695635535981,-0.5383036926666548,-0.16969136947861177,-0.5934664276260339,-0.4382113805221955,-0.2969052832770067,0.1433072135053294,-0.7703349529375861,-0.4196311039010483,-0.5069807416153391,0.21597982253697226,0.3526841154063922,0.2000891956075444,0.46628026782356347,0.507013701456452,0.5788804304315421,0.7500039906887959,0.11647532938552216,-0.31081831184669007,0.40266678020540536,0.49368287657866367,0.11578228210635177,-0.4221843417934384,-0.21325979612599644,-0.6847507754508662,-0.47193686774940063,-0.9806748551071791,-0.554322290080471,-0.9428465577005384,-0.37480689328305067,0.14972216710972194,-0.35375155917557455,-0.08249500734833037,-0.6594148717410193,0.2424761241968673,0.6382244714279843,-0.09620785384747362,0.0950300024415274,0.26377109868067444,0.10088197783568573,0.3969802521142918,0.007095021222139941,-0.25128690211457666,0.8286979590104998,0.8034168431150368,0.28587926197585467,0.04591875693536137,0.28469586800592456,-0.8092012567360143,-0.7894271203167859,-0.03705016069760857,-0.9525056937677141,-1.1188006412415832,-0.17902590527826714,0.2452982638750294,1.287455239493513,0.38579227502132096,0.5695590406709851,0.338196405253891,0.25605070983963,0.26873940797209656,0.8864318672972937,0.7677597528675243,1.1713937987835474,0.691877037180552,0.5282895867019876,-0.13679993734630597,0.3650975618701771,0.0913602349933059,-0.18559294384959846,0.35963535087256615,0.052460125883832934,0.0,0.26666666666666666,0.0,0.0,0.0,0.0,0.15300207378603362,-0.4535425468126459,-0.0836512619323652,0.13545809059881167,0.05480054600070973,-0.10414600691791472,8.297967591370227,-1.0000001491749286,2.6880950857260397,11.654100655685749,0.1698840558387479,0
0_HN1429_0,0.18204921301379914,-0.9425237670136347,1.747588269056173,-2.235671528580133,-1.9698793629552651,-2.330847646342958,-0.34890993619247,0.9851430377746168,-0.822897814039282,-0.5561379388114751,-1.085791245100737,-0.7244865394111174,T12,-0.5442600740491637,0.3403347368366231,-0.6788706237980714,-0.8877901886787256,1.1050697015258133,-2.078938961800355,1.247050773812717,0.3577168895781233,0.4816201964252339,0.7340380687522277,1.000506076456348,0.8998172647711443,0.45643466293108137,0.3524674769928187,0.48622513821626234,2.581588814376097,2.1093041424603194,0.39205306508527066,0.12333460407490558,0.5899756793644462,0.6703234057114859,0.0,0.0,0.0,0.39015006802219804,-0.12782350451503283,1.4694219927420566,0.0,0.2501409971207334,0.7309741613320238,-0.1367228099191349,-0.24404247589494782,0.38378107840173475,0.07975002758938732,-0.4343516243561691,0.34661286984656825,0.0,0.0,0.0,0.0,2.1998845915904877,0.8612136929533766,5.823344031393519,0.0,0.0,0.33333333333333326,-0.00015914601362380487,-0.00015916250706093964,-0.00015914189026432926,-0.2896900821428475,-0.40616301622176754,-9.739792079046642e-05,-0.29000238821843627,0.09766171524317409,0.06673437404148314,0.22869530839653743,0.24525176727341835,0.7169034633605992,-1.4121759380064243,-1.5900198887486723,-0.2867307306489723,-1.3424594134365357,-1.4766682765683996,0.08225297407550819,-0.7302088437880537,-0.3744154986844652,-0.36009267209795726,-0.38727251651483613,0.08849655295689329,-0.18339435862149414,-0.4411456156129458,-0.7103220345686883,-0.32124631764394435,-0.162332402531518,-0.4636219220536819,-0.37764712123200483,0.7271758703566595,0.22573106689832265,0.23805918124395697,0.39023124824443584,0.2700197053310263,0.5930333456667638,0.2933326346187395,0.3342566485776188,0.4086134857053754,0.28143346529502117,0.03507456436703378,0.41007311502024585,-0.6503534062916343,-0.00022663057702769339,-0.3087188087672899,-0.20765332032697187,0.5464780624268414,0.5464903314405452,-0.5423506775902944,-0.6571275849708625,-0.2847890114715177,-0.20883234267635895,-0.5320004588188008,-0.14493688888408926,1.3850083975577567,0.5104984368203163,-0.18542836814697136,0.42898685774577344,1.323606454245996,0.693175156389131,0.7256908127425354,-0.016188806343188682,1.0041094679174667,1.5581639768438564,-0.136875063081993,0.8093876251084177,0.5139525768908275,0.3003975174397072,-0.15769982220446951,0.673945539742812,0.5491640265825202,0.1751578279626154,-0.09761904481950927,-0.3620432525086455,0.4396962054193962,1.1842676500604619,-0.6722389552983292,0.302135963200075,-0.03917963534836435,0.18347700852228813,0.06003287638772722,-0.04439685370286197,0.5758219909941752,0.03251276736791817,0.0,0.5333333333333333,0.0,0.0,0.0,0.0,0.03834057420051719,-0.7030909561120257,-0.0851469827542749,0.06787213403361746,0.6684189284379675,0.12665008942716485,0.0,0.0,0.0,0.0,0.0,0
0_HN1127_0,-0.37738115612088957,1.9905511105165004,-0.6834130980056892,0.501769716174846,0.5364069158410112,0.5851661510683893,0.09884027304384088,-0.41552078394183656,1.579857487619139,0.041847062222513234,0.6573459418128911,-0.21954365004037163,T12,-0.4922019366881891,0.6092886625555106,-0.03369807576402255,0.1841214512720888,-0.548897756885742,0.5015774530742729,-0.2549730468220451,0.2340889386612234,-0.3161262551860465,0.5179215493904125,-0.51732541724302,-0.5411283130848878,-1.3164911394583991,-1.0621827234955497,-0.9191035085956408,-0.6054714379254554,-0.48362069971317034,0.31495287748110196,0.027491298446383174,-0.3518850612398752,-0.46177352314287085,0.0,0.0,0.0,-0.6369902368673884,-0.43978040277061115,-0.36952543198285764,0.0,-1.4349240280616204,-0.3787763946947087,2.4060830226844705,2.5894161993953606,-0.6104306447002876,3.4224890299293502,-0.004466747782778318,1.9435859052494515,0.0,0.0,0.0,0.0,-0.16439400804601909,-0.1722259042408791,-0.13712827309622652,0.0,0.0,0.33333333333333326,-8.395411526808783e-05,-8.397061150557436e-05,-8.394999120852423e-05,-0.2896900821428475,2.680791332554209,-9.739792079046642e-05,3.6131068804362347,2.551312993040936,2.47032801882461,0.3645639898061498,11.98675081680979,-0.6444862237161755,3.4283739944919023,0.7921491148061788,3.128070802461195,4.702646815458414,0.7642924907064976,8.95634184360005,1.5671761912683533,0.15332096988418356,2.8413803692995576,0.32979341592293276,3.072609601807724,-0.30608169750016734,0.7554400110887333,-0.11190403251780803,0.7179650901463018,3.3019549731935878,0.13109276737119865,0.6904282430641956,-0.6061655033711768,0.6056834025253897,-1.8991502769096342,0.32465616324085733,-0.1318594483755379,-0.5131347854454404,-0.0756221959080081,0.1831798826841814,0.31994278996142383,-2.370066331411115,0.26339232423543313,0.9023389275955026,2.0833370569162755,1.0779097517497371,1.5930258813193767,0.25692151897166726,3.9694209445362025,-1.0067091195533129,0.8016626417782116,0.14366067240802502,0.6490885527876118,5.675382921723141,0.8417250640753483,0.8793249686749421,0.8659928893236986,-0.7961370236165459,-0.8401619211241101,0.6007986912493083,0.8736943250541697,-0.657788947893502,0.5563235971792595,0.9005170659969154,0.3793086575870068,0.8286457478011815,1.7606311375927612,-0.14647577408137372,-0.31009819094748065,-0.21578575350982662,-0.5071966870306518,-1.027384029430263,-0.23959080068047706,-0.15840485839192597,-0.8379579682811839,-0.4038575716355229,-0.49537493992111753,-0.5653691670218928,0.2152839922257838,-0.8129314406744677,-0.31994037813598836,-0.12994996451249213,-1.4748375455598963,-0.3807611368268294,-3.0498226515130877,-5.075180970192052,0.0,-1.3333333333333333,-23.0,0.0,0.0,0.0,0.3752731399026091,2.608260987782079,3.010599916783362,0.23653390320228962,0.6394613236972955,2.8298200467386967,0.0,0.0,0.0,0.0,0.0,0
0_HN1026_0,-0.32078133009323884,-0.13884294053067425,0.29122976125451483,0.6605679009508783,0.08126816545822825,0.020061497335943673,-0.15430822576344086,-0.28085980717559667,0.22039160395677063,0.37049084332408183,-0.1839036396674272,0.186093538504537,T34,0.5054142974245491,-0.12083831045762787,0.6195277554240233,0.4646865469762968,-0.25824854971896943,0.29247953276572486,-0.22313751208550284,-0.26065055282804644,-0.3022927571812566,0.2796782360306363,-0.45068482320097464,0.525218908799462,0.286455517838385,-0.4029249062567747,-0.5072156697669582,-0.4420911446864535,0.34383904779355023,0.10746121950396692,-0.06756446108076657,-0.24764365023898233,-0.29722863164521357,-0.5314543557836731,0.531454355783667,1.0085671680333197,-0.28417028176997844,0.09132394171396602,-0.3626321578785313,-1.0085671680333197,-0.45153786390268275,-0.3103331826651107,0.41174944032596145,0.3968400673752425,-0.3346621207081062,0.4556096639700189,0.8760429720836981,-0.6459227643178511,0.4848484848484849,-1.0406504065040652,1.040650406504065,1.0666666666666667,-0.14976264674754708,-0.144843517784111,-0.13050292479479478,-1.0666666666666667,0.6666666666666667,-0.33333333333333326,2.4054235916750772,2.4054256372424305,2.405423080283216,0.2896900821428475,1.1199401100727444,0.05009853464206131,0.6593326178083665,-0.8894903218761568,1.10375091631025,-2.358274206622943,0.35374825393693776,1.2467180670701141,0.21705600224727362,0.031627025393145596,0.08656096536807181,0.13088907611685932,-0.3383144377442452,0.8395817237927853,0.4757806734160035,0.7609117852280077,-0.7853300743358267,1.734646522384035,-0.0969021747768337,-0.6013304514705398,1.0694580815477281,0.7670489003696839,1.014014698574325,0.012571844361209523,1.77783847147483,1.0041354088097845,-0.1552461654483386,-0.7785084978153459,0.5114585462010234,-1.578005357318276,0.21633569998171906,0.5113696784952105,-0.759001061442785,-0.8259515457579724,-1.2869448042714795,-0.093546405184473,-2.0622842354906803,-0.988159748791401,0.6505860865846463,-0.41515783583653176,-0.6316554101073338,0.6485667186454496,0.1727331640447092,-0.41027223734410373,1.2676775425610716,0.9544101672996832,0.8397558894131472,0.10623570665170431,1.4494911197733458,1.2337642941157785,0.3841572300144833,-0.34828961456583873,-1.995564521571245,0.28969785597271935,0.34756227489438507,-1.2545830854155846,0.3296089748609938,0.38957547467852555,-0.2552416109166655,-0.0821472557603393,-1.018051167043489,0.4240411062845908,-0.42058272819377907,-0.8933906977069256,0.9385839767923361,-0.9524269293592856,-0.21476942643444627,0.6856510808359126,0.0572721240839117,-0.35556380598224,-0.2933454401235056,-0.24404222473413884,0.267574632708212,-0.2693915321486825,0.36902900993121,0.0623155857722417,1.0209824896237274,0.3382201667683868,0.4089116622251646,0.8067720216613429,0.0,0.26666666666666666,0.0,0.0,0.0,0.0,-0.3753035016686254,-0.2834076485557899,-0.9037631328490578,-0.29128162984898426,-0.10542319621095354,-0.9949218409882868,0.1620846742807627,-0.9999991424626274,0.481966414294795,0.3768885622052354,6.1018921929631835,1
0_HN1139_0,0.6558662388433494,0.39875783260442127,-0.02528220584790537,0.33483212369348286,0.7654818589138409,0.7732746223207241,0.6021862698902286,-0.2230124861703809,-0.3895603390798866,-0.5534697365301311,0.3042379221396833,-0.8534058779036539,T12,-0.0055725669498246574,-0.6743861062268909,-0.6889560721432489,0.30671472542080475,-0.07458701463420152,0.3183326903272533,-0.11705786953796875,0.25151961523113864,0.11372213175368824,0.04015350719216728,-0.13012190231620094,-0.21114838661872418,0.7623818718814609,-0.3337082458026143,-0.15127392868456652,0.45167931289332186,-0.07096383807369622,-0.41907930263453463,-0.16739727535043236,-0.03850999736726385,-0.023613157073513774,0.0,0.0,0.0,-0.05028887470768848,-0.26159098086749805,0.6808792244113419,0.0,-0.04747000491176929,-0.08436921077030504,-0.012485831120362181,0.009713190619669252,-0.062238214649209686,-0.0078118790922573084,-0.4456123119001323,0.3047807065214734,0.0,0.0,0.0,0.0,0.14488205729952816,-0.037039580411840536,0.6425731640428278,0.0,0.0,0.33333333333333326,-0.00015885712808640627,-0.00015887362153429993,-0.00015885300472424094,-0.2896900821428475,-0.2720698873448419,-9.739792079046642e-05,0.34101125610870275,0.42204740942995306,0.1620195164156583,0.46236557529310374,-0.5625280740769015,-0.7195156530083954,0.3409461090835149,0.5014375882845364,0.16429365549134106,0.31335720585407084,0.4633974982815919,-0.2972491952334256,-0.3728300197276359,-0.543828688786847,0.029341429879386687,-0.9923542740250545,-0.5956814293745513,-0.8982226035408764,-0.7672545153532931,-0.43229408129993013,-0.16713810505022242,-0.5942593125531609,-0.6640401782359483,-0.5869897148664196,0.7714262493825748,0.5701842226325875,-0.8926271222123013,0.9077344361586704,0.3527219820658296,0.17763979970161461,0.6302981800389991,0.47668360781472924,0.3462453937981967,0.6965817869503095,0.5437868920781708,0.7556571035108995,-0.10747877774530797,-0.39183574705677954,-0.14442779810077164,-0.9947403693657126,-0.7332544597926682,-1.101356239071234,-0.6555314965811976,-0.328082873813864,-0.005409678276611782,-0.4645513856471889,-0.6360731943589572,-0.6480921791447634,1.9868336521337766,0.29971813804421493,-1.337859802413261,0.022907250991568356,-0.6753792033146224,-0.13894871211407556,0.09016139986588731,0.7297060718829166,1.8382376174126525,-0.7702636806797188,1.4140932137843052,-2.903077780765695,0.9537565331668326,-0.4105377593276245,0.6416583788998061,-0.07623153436798952,0.4104354812523302,-0.011897395890837815,-0.6679547411182086,0.24881633611068574,0.7337280286946064,-0.013055393585900446,1.0842802016972297,7.039530355552403,-0.2083586122611532,-0.1478417066970545,-0.019760808666529572,-0.2623025844840063,0.12407483700894789,0.03263183856629521,0.0,0.0,0.0,0.0,0.0,0.0,0.231909046281701,-0.12725935664205942,-0.030204739033380376,0.24568631397595866,0.1479397139039484,0.21530579371149533,0.0,0.0,0.0,0.0,0.0,0
0_HN1760_0,-0.43460290951680647,0.47005198472661025,-0.1862334039463206,-0.9438739526414889,-0.7983149753011229,-0.8663630730494097,-0.627486901811521,-0.41077920025288445,-0.2927275316122247,0.24195266768361448,-0.20344745720387064,-0.012795480481410168,T12,-0.018326012354666372,-1.9823711145479095,-0.10196383632836459,0.2649727435416916,-0.9600688358860441,0.8539986988314496,-0.5284675094668116,1.430361280966962,-1.313076775038185,-1.5282723564174243,-1.0806463999368192,-1.2589821147263192,-2.0368970688610304,-0.8086810079589808,-0.3197198199736492,3.2059057851615145,-0.778201271724919,-1.1636513486715128,-0.9530122389612101,-0.36696264305998355,-0.4983699096373707,0.0,0.0,0.0,-0.5954163800238331,-0.4271538401017155,-0.2950934029655984,0.0,-1.8559310487598366,-0.47526933198102206,3.462427041885879,2.445335463895665,-0.6404329940112717,2.185685319594589,-0.16352290202951586,1.352710526074402,0.0,0.0,0.0,0.0,-0.16520598664252265,-0.17258082469476724,-0.1391753143954381,0.0,0.0,0.33333333333333326,2.491098450226273e-05,2.489448421034239e-05,2.4915109575434858e-05,-0.2896900821428475,4.465718774620232,-9.739792079046642e-05,5.286013582851968,-2.91928577225456,-1.4058776181082324,-3.374010758365855,-0.8714487186132399,0.7043368640646291,-1.2306339223511575,1.1921408903538375,2.3043060480442135,0.12114073489190702,-0.11024708766586742,-0.11146189799404381,0.83569462703787,-0.0012631685818127814,-0.678582339443762,0.5613605488807305,0.0007209598968507059,-0.483352483770132,-0.6709338456565128,0.224259030757842,2.1216185755001393,-0.41990188812627355,2.2906759314113794,-0.6583872297711909,-0.743326364676015,-0.7735888586640856,0.42170329906656295,-0.7515323186872835,-1.0010581074460314,0.7654635750140057,0.34035388476156475,0.4389527877028732,-2.778048486376557,0.4328509940397634,-3.4144134774208714,0.6260666338764092,0.19190194360797805,-0.9762429594841173,-1.0219903614832067,-0.05791801126903661,-0.6305046908642998,-0.3021925779462846,-0.6428670342250468,1.2105290338284913,1.0433959098726395,-0.21253374831936686,2.29606557546829,-0.760550607922065,-1.2359712078698284,1.0400566388514907,0.608671213045447,0.8780449594875084,-2.7415588793789327,0.051923245950404685,-0.6585036606734459,0.9511917712796983,-0.7199143858307006,0.04952642233264752,-1.1298807394798616,-0.3175343074011843,-0.5805988077671149,-0.09842835990680264,-0.19579627211945486,-0.536224157596862,0.6718367824664805,-0.6356135959175961,-0.9505606221904088,-0.7539512906035714,-0.5532637660867444,-0.8906708617213503,-0.30928698064923693,-0.597998990499087,4.763439085131048,-0.37868517307171357,1.6442209563630663,1.6633457682011783,0.5504297888253749,1.4190553190241517,0.0,1.0666666666666667,0.0,0.0,0.0,0.0,-2.7550134282572594,-0.5385028095813503,-1.3291088351522298,-3.2684680831367596,1.106652111859256,-2.5986842787394435,0.0,0.0,0.0,0.0,0.0,0
0_HN1896_0,0.687969299544131,-0.09073773051799247,0.09792049003492037,0.09040902819888508,0.2940115907827257,0.24277388651670426,0.34398416392316555,0.0602181128496918,-0.13033955123123642,-0.37704386246907734,0.38557378646499,-0.5515321721684306,T34,-0.3831919015583997,-1.6037748808337546,-0.6798740105201441,-1.350171729876198,0.8959513413349143,-2.030329271196048,1.2826862213135208,1.5539839150706127,0.33915065584251486,1.0907836246786453,0.7152268419586154,-0.39490794647585226,-0.8685903981135725,0.15403793288549114,0.9232891956531296,3.011869626199283,1.7455491610449714,1.532762264458369,0.774554264583125,0.1711660145627319,0.23594887272776666,0.0,0.0,0.0,0.02061226346382765,-0.24005731205761335,0.8078175451352966,0.0,0.06998316033067496,0.17173791706982144,-0.11663152448077603,-0.0857173045840495,0.007717409320481437,-0.1941435675681299,-0.4695750486995323,0.21576188634773025,0.0,0.0,0.0,0.0,0.6152545502188954,0.16856290640531538,1.8284072773621,0.0,0.0,0.33333333333333326,-0.00015905741061677557,-0.00015907390405721017,-0.00015905328725647502,-0.2896900821428475,-0.34974005324376906,-9.739792079046642e-05,-0.14277860617666768,-0.233498319825969,-0.08933323761964573,0.03550725238283128,0.11693996983265546,0.08554387352993738,0.24059383313126076,0.040960548447759246,0.26771268400708476,0.13310084620329488,0.33179254863484126,0.25961259893601957,-0.07730149967353994,-0.16557449104024183,0.392810171710984,0.3062542905368996,0.0510018459059217,1.4067608962945162,-0.2520949578202765,-0.22524415985373303,0.11891246171947556,-0.1566843579769301,-0.20909755387223403,0.051235701968743,-0.05742599984739552,0.1141615955347364,-0.5249461196262055,-0.40488060924585884,-0.05009515691411043,-1.068874628984287,0.31790424887492946,0.1937658751870088,0.054166857684781536,0.165831002718345,0.34523311148220587,-0.13276036681495879,-0.04622412353826178,-0.06938766874266265,0.21834781876574738,0.36127709941336955,0.12885452064748404,0.6167637429048604,-0.26719667425913424,-0.19381585786482586,0.19793758672487347,-0.04415287625107261,-0.17839515759713598,0.25291723474000305,-0.03456174599638351,0.5363292481568335,0.005363817906130121,-0.11451604427369502,0.6671014875364984,-0.33526648213427723,1.161000250322867,-0.14638764578933147,1.1163640762326892,0.7305040447920267,1.514577725503025,0.3512778554182628,0.15349092670466188,-0.15955132277372217,-0.2381862087323802,0.1694922131738335,0.3939896783911676,0.07276962797907399,0.3912975208954631,0.2927322484691787,0.30292032559119636,0.4458300447512679,1.100191075655062,-0.0706234725088156,0.15094649213620068,-0.47800137332089115,0.15406894464806517,0.20072421769617318,-0.15708545450182657,0.1963131635123088,0.0,-0.26666666666666666,0.0,0.0,0.0,0.0,-0.16141998549831935,0.22040753424363016,-0.18002222185566866,-0.18434711440708446,-0.06279846536986013,-0.08126582690458739,0.0,0.0,0.0,0.0,0.0,1
0_HN1555_0,3.9164333770332007,0.5774895243796961,-0.5274496773166608,-0.011982948747431159,0.39485895916878266,0.34672989321175157,0.48975702308929175,0.2802275960170697,-0.5305485090209738,-0.5705679772889447,0.7184384472769149,-0.8917891839905099,T34,-0.5334554951741703,0.5274213920198065,0.3584216435623984,0.49755873717543886,-0.20119014114552214,0.1784920086334312,-0.19508303642689034,-0.3346723408348429,-0.27744553363024205,-0.30020661961201384,-0.1861316608362465,0.7982714278324541,0.522079038230359,0.37870842290078516,0.0891253650757111,-0.003306552629295097,-0.26975415971379324,-0.24302000504573085,-0.19270516133869883,0.9537901356568443,0.6788249256230936,0.0,0.0,0.0,1.0007329666926206,0.057619074546841766,2.5625831156635708,0.0,0.5385599094831951,0.35349599631210143,-0.37437819710379716,-0.5731475458030548,1.014209541141599,-0.44378406510728124,-0.501679461995699,0.09649767133258527,0.0,0.0,0.0,0.0,4.2016762596830235,1.7362081946413002,10.86996747029717,0.0,0.0,0.33333333333333326,-0.00015916602953022177,-0.0001591825229666111,-0.00015916190617093254,-0.2896900821428475,-0.42628405600177993,-9.739792079046642e-05,-0.37221363153423137,0.3643480143268125,-0.34462793482390525,0.10975666799371368,-0.3309262675345369,-0.6516183818838026,0.05413131328991209,0.0985872077510553,-0.1603226497970663,0.16697595126335296,0.08597419702193526,-0.15250311604348968,-0.7290487104745877,-0.2910977453489424,-0.2878932764052282,-0.6555688982123238,-0.3607194338948111,0.2511105334030268,-0.6787631707123847,-0.9018080270038696,-0.4307341421498732,-0.5173577730966047,-0.930057817582064,-0.49565518964303856,0.503440644073948,0.5380627181809083,-0.3887255143443539,0.5953998227870135,0.18829438937271473,-0.4678281059306046,0.6388408793456828,0.6805517015447566,0.5486116341647319,0.6352193145519601,0.6112661451948663,0.4668889621703663,-0.8781783372842147,0.13211703878474723,-0.26696916129380416,-0.6840244684494052,-0.4338935871978869,-0.8216003988118536,-0.6797151833795793,-0.6170559752137957,-0.4735512259746437,-0.4196695640496898,-0.776487382035026,-0.299054062447806,-0.5852549631618714,0.9849707591351528,-0.2883391478528914,0.37256728944010054,-0.6436586059481677,-0.5534348836049213,1.4236471151017136,-0.6338520111666638,1.988863288171098,0.4049308996452007,0.07782403697197499,1.8453016431091436,1.4550687006226324,-0.17089302355680813,0.5663287365570544,-0.3052258951152236,1.2027657930092555,-0.6608156249518741,1.3608505004088087,-0.6224294504762862,1.2744487367886157,0.2833127349702208,-0.20322432737629276,1.6037758327521334,0.2954542389094162,0.5282112133185738,0.5775950601869116,0.31352935165524676,0.4555289405292199,0.48385749741305073,0.0,0.26666666666666666,0.0,0.0,0.0,0.0,-0.30270547186467817,-0.4147320990604013,-0.5428665703301263,-0.27950598486481043,-0.2893105379487287,-0.5000725130742738,0.0,0.0,0.0,0.0,0.0,1
0_HN1719_0,-0.3117479811833918,-0.4431935046209644,0.41252897701162544,-0.11127093419715588,0.013000443122226844,0.1164534429851956,-0.7125058500837455,-0.1503082029397819,-0.3868829170421005,0.6567906097802776,-0.7803308635591116,0.6559030160921151,T12,-0.07802592909246694,-0.1800516104752993,-0.384437244309323,1.0847426655420649,-0.531804378240534,0.548687205840499,-0.30335089658742304,-0.6346716631670083,-0.4208076357015677,-0.2640996093345636,-0.21720151943774313,0.8212766555223067,0.7336231752051554,-0.2650659392739651,-0.6263363154940662,-1.1073942000139712,-0.48973982281002726,-0.8509604078996171,-0.6964726627379366,-0.16675455842694478,-0.23691181896406271,-2.441505789095017,2.441505789095016,0.9786003296835288,-0.12966300966820454,0.2784873501467942,-0.2926795647302782,-0.9786003296835291,-0.1331495470718749,-0.2884172292050664,0.11423422530297465,0.088717202784676,-0.20847268458707255,0.0603450011440057,0.550086828437605,-0.5792444200221868,1.0909090909090908,-0.878048780487805,0.8780487804878049,0.8,-0.13727935978100164,-0.12301826570283944,-0.12263399854320181,-0.8,0.0,-0.7916666666666666,0.1705496600128066,0.17055031712721522,0.17054949573419703,0.9721694250000674,0.8962011146411467,0.10006897782804458,0.08578533635814677,-0.09902480555962626,-0.08808370544958938,0.9449037287227673,0.34646160466431547,1.7637653583005615,-0.09028517541687309,0.056022023598015835,-0.2862694887499561,0.27764605156548766,-0.06129728802321089,0.020908296637803515,0.17505104709485556,0.2576884735759266,0.6017957706873773,-0.882060780480438,1.9314641999604047,0.1894916651091244,0.6803427687847861,0.475142891709539,0.003425107980582249,2.7600989423698445,0.4282159131094817,0.4669307814430454,-0.5884038071033991,-0.1389964018735986,-0.8834865934293044,1.0069831983868596,-3.0894052843510367,1.0987386577266147,-0.5595555707615762,-0.3567824553919058,-0.24980568935439673,-1.7422319849781627,-0.18773893557007743,-0.9607151740096237,0.1568856512464833,-0.028652251273249475,0.10426895712577909,-0.6059402768480339,1.8479734341146388,0.8235517197763252,0.49571261643675424,0.49532882552108926,-0.028406231396046835,3.0865694148278413,-0.09642410517686559,0.4108890359527975,-0.005267514173031912,0.01176902569944092,-0.5638201456548763,0.6053105116761007,-0.39440939139288417,0.41219076788605674,-0.5507878903166255,0.06930364123417423,-0.13765134059129036,-0.33411264022350906,-0.31735748399670455,-0.2507482488836247,-0.029261883514721882,-0.6652225429777417,-0.36324657959323925,-0.46685667428404204,-0.07405137630707609,-0.6821225878979474,0.6150582518578447,0.18141468036896363,-0.017854600090745618,-0.030477578384108035,0.3856373164580345,0.11633250860164977,-0.061436581417428505,0.028793676503613398,0.7231144863847674,-0.1020894122239937,0.3046097055384858,0.598914147384626,0.0,0.26666666666666666,0.0,0.0,0.0,0.0,0.06259939487208609,-0.31855229814268227,-0.6995521030617108,0.10495774006621188,0.12880900776246001,-0.5004426652924513,1.489064092511319,-1.000000056757656,2.831710899399941,7.9119147244406545,0.9023230285182425,0
0_HN1667_0,-0.3716338344281925,0.9317230345178977,-0.5172477740607483,-0.098853803969817,-0.1902832230411148,-0.3773774767296454,0.331441698238839,-0.41046309467362097,-0.6054499429603348,-0.43778058977287154,1.5332418865978465,-0.7901440708253379,T12,-0.5475709498519831,0.17540751454027217,-0.7026756647359469,-0.7801045196059191,-0.07297038159620269,0.22949935448123018,0.025980599085825316,1.2778972677152722,2.5497730982183144,0.3046126175499532,-0.03688738233417445,-1.3677598009567147,-0.9957990741075267,-0.75534846301514,-0.5477716811289142,2.174020275834758,-0.6295089409991563,0.0037712581136959897,0.5814355137900169,-0.35448838471960614,-0.47658476486387535,0.0,0.0,0.0,-0.6137445523863453,-0.4327203627799561,-0.327907367333961,0.0,-1.3206525810431686,-0.5371393987709845,1.7302546982764044,1.5975837706084974,-0.6168505029202161,1.1789054384941193,-0.2929973972325463,0.8717276190696707,0.0,0.0,0.0,0.0,-0.16406261450367116,-0.1720810502422981,-0.1362928123212759,0.0,0.0,0.33333333333333326,-9.858142822618804e-05,-9.859792391891347e-05,-9.857730430281473e-05,-0.2896900821428475,2.356696808418951,-9.739792079046642e-05,0.7242968358706702,-3.056822306466288,0.8620602151887196,-0.5357048534341164,0.474312722954773,4.03552387096044,-0.6907644518352479,-3.523749455407148,3.2040665382942226,-0.28114717838721165,-0.22575605104912658,0.00035914351316808764,3.453858008965434,0.07521494697972596,-0.5332349159432482,2.153483205184922,-0.5139609281839749,-1.0730067708704685,-0.6881858794424687,2.101798556101787,0.4808537128059812,-0.7539466581518216,-0.076184740216017,-0.7737181637033512,-1.824421047774257,-0.6643048892927695,0.7406877068927578,-0.9681783532291016,0.5445526064695463,2.0509655545310403,0.2301638798055397,-2.7296655109434647,0.4344584402359779,0.4864908767016823,0.32401781706039245,0.46812831958054735,2.4924432943849935,-1.1660375877812013,-0.1196711506905332,1.5046922914473397,-0.6717610485258444,0.8088931368863803,-0.672440175625693,2.249980267433179,0.3592250877616568,-0.49498782879560826,0.553603794413888,-0.9162613033296194,0.06359888855241459,1.284370782176503,-0.3861218991332807,0.36365648709508475,-1.280816954327532,-0.9551486052283265,-0.4495176483610306,0.5852172371700088,-0.1741690646616614,-0.022166766268186918,0.8563835098512864,-1.0865355597125685,-0.6945125117437717,-0.43173859471172715,-0.146308107186134,-1.153634819622821,-0.012808990765997378,0.20804655174515593,-1.0994268741219815,-0.5331341841153671,-0.5570705885039889,-0.7922958049438796,-0.5142665332016247,-0.44593327750008516,2.651171655893152,-2.3745354671174823,-0.16927840930676955,1.123198184414207,-0.6094631773235484,0.09018575280930893,0.0,1.0666666666666667,0.0,0.0,0.0,0.0,-1.9734709961827475,0.38495582473056367,0.13589022038880913,-1.3149540817590917,2.558158106041047,-0.20466670213657132,0.0,0.0,0.0,0.0,0.0,0
0_HN1998_0,-0.18236880564114538,0.20525025842112452,-0.2639541016187886,-0.10416831720982782,-0.0005382674307622885,0.27733622378684836,-0.8493221004646588,-0.09151256519677572,0.6631816718180711,0.8036522550950956,-0.08749714693740135,0.7466675507441665,T34,0.48339479010035047,-1.0071697730684293,-0.5467795255232849,-0.4454113015565727,0.5075298246174483,-0.6277026211284229,0.4342262995035447,0.6480108538338406,0.5756322042323079,0.33547246190483176,0.044034847045355936,-0.7808364284151796,-0.35755591195739933,-0.02218600584786634,0.26883914537130144,-0.4956852437706582,0.37751327394106465,1.0634710358484962,1.4536997301013055,-0.17956861715552913,-0.10226186275072074,-0.8168283253020335,0.8168283253020284,1.0042156289934556,-0.07275808356798956,0.348106449346999,-0.2679284271344717,-1.0042156289934558,-0.002877048797355613,-0.21068647446788244,-0.05745862888861371,-0.0702732018402682,-0.0853858979266542,-0.1146670199386084,0.562751570716972,-0.6955200846675872,1.7454545454545454,-0.7492682926829268,0.7492682926829268,0.6400000000000001,-0.11343965845341844,-0.08133563032980491,-0.1076098054757882,-0.6400000000000001,0.8,-0.6266666666666666,1.8040274373930996,1.8040275906184513,1.8040273990867601,0.6705396357179139,0.6611292716584333,0.19695318664041822,1.0920931688277116,-0.37271028848720567,0.7459796927086448,-0.14727668463815466,1.7382446078212481,1.4375843671598931,0.6422286601857423,0.24388400121619072,0.7323005630282656,0.5697820927908224,0.41510805881816415,1.5912985725800326,0.1752299154927867,0.5512051911996239,1.150097974018424,-0.2599914374386418,0.8569279835967993,0.12784015298703455,0.725752795376479,0.2453413542086301,0.5731622924572481,0.9543894570311181,0.3140449917574565,0.9251441941127138,-0.24199534125339772,-0.5793791917716683,-1.0752036883415914,0.03962120581026476,-0.9334843028193814,0.22081990999806506,-0.9586079102618623,-0.5160564599768774,-0.6646653568305724,-1.5872030930082295,-0.6089778231204402,-1.1839587361975097,0.24994445569183904,-0.04344121624141259,0.30198840051056614,-0.4212153019826108,0.834558910609891,0.14045243988554573,0.9798776427282059,0.6621975534873101,0.48590716082428265,1.2991240194331921,0.9011810512123208,0.7888286182810782,-0.2832230297059371,-0.4702401425388272,-0.9266396721845174,-0.30570167314799657,0.012408555555806815,-0.8929343875285017,0.0059339161319104695,-0.13473431368688416,-0.12167262933444145,-0.33088131112033586,0.09995575035962302,-0.4120054142573074,-0.4903423836139784,-0.597260962861349,-0.4921835296408971,-0.2940465582038512,-0.4611510147741796,-0.26518088320116445,-0.2722892979672458,-0.47740284752123235,-0.3488125787193793,-0.5962974320188593,-0.41278621506421903,-0.5258015829220216,0.6653189418483403,1.0404886978681533,-1.1285871159487482,0.5333692943329732,-1.797553124751529,-1.976280330482386,0.0,-0.8,0.0,0.0,0.0,0.0,-0.6193313521448884,1.70746348409749,1.523430836187743,-0.5714347987204892,-1.3745274087391202,1.5314070650095724,0.6683784048582367,-0.9999999203211374,0.8504549330702776,0.674054733363076,1.8758325475407187,1
0_HN1123_0,-0.2223906725675099,1.0516621953147964,-0.36215868107070154,0.1170407838575135,-0.3655393816941884,-0.5794459299606798,0.18827483373167306,-0.3813813813813814,-0.42133707359779166,-0.20265505707560358,2.1117083778181365,-0.5347936507520765,T34,-0.46315222114623583,0.7286835051545778,0.14131710532698097,0.963263724699017,-0.5850151354221929,0.7204554913110979,-0.38741607918849985,-0.5217184514835317,-0.9641280588068883,-0.5276567983687913,-0.8061360487208522,0.6910607752509376,-0.40787441041598926,-0.9254481775056134,-1.0278416371823396,-0.14899574459979575,-0.6945667869870837,-0.6845584099900388,-0.3621325227980964,-0.30849633657769293,-0.42006294107654435,0.0,0.0,0.0,-0.43680823136586605,-0.3789823236517619,-0.011128257087783132,0.0,-0.6561280367951532,-0.5526598277856578,0.5581274696670139,0.4182291738163207,-0.49054980917748114,-0.08504076391499864,-0.4555441461225123,0.2678850809492051,0.0,0.0,0.0,0.0,-0.15299169388998413,-0.16724188799579412,-0.10838243166087848,0.0,0.0,0.33333333333333326,-0.00015110322239631114,-0.00015111971613298146,-0.00015109909896195167,-0.2896900821428475,0.5546536267959685,-9.739792079046642e-05,-1.4368382956541383,-2.25911500883863,1.9262812558865576,2.7205410924435505,-0.39253190261727056,2.408965214803252,-0.5325046208082753,-0.6126953680043311,-0.11950862616303004,-0.5909929969918121,-0.3645534535676728,-0.6329168662511154,-0.3562098762768363,-1.3364687329613292,-0.3504527162675846,-0.31871036507598,-0.8477744038203426,0.42659499295160913,-0.5860858792655581,-0.47895209060726596,-0.4307808917791277,-0.4827538575678501,-0.7764301598286578,-0.9935874962794309,0.0456251885455364,0.043295440937183544,1.0074540549350264,0.579630402936584,1.1609707886810123,1.2938559401643042,0.37164682815494504,0.24701471745869105,0.4377781575826006,0.28989923967549625,0.4107701837427738,0.7824685690055081,-0.900973981848714,-2.1105335321163508,0.043170762184029515,0.21955716288686317,-0.7874421496012148,0.8159679364605761,-0.7388371467077282,-0.36909292926467674,-0.4806449358750005,-0.35093823122757367,-0.7275953870573401,-1.0243919273286393,0.7275641789878298,0.27826588120262064,-1.1829971963766788,-0.979496652076981,0.08770807713759936,-0.05156064266438524,0.6617056780295413,-0.2355251305598149,0.18737734620682717,-0.06513924970111284,-0.36172576390751854,-0.12930752776376003,0.1563222989885825,0.2295735688723684,-0.23954095373121306,0.21435564552231254,-0.5218538326487696,-0.8930536679786744,0.0691154685488819,-0.8981114428645239,-0.09857175519048841,-0.9535915584949107,-0.7841725091634572,-0.21462212560466495,1.2878054087209514,-1.387156361744669,0.4055152276468091,0.7930582502235524,-0.30937998591456406,0.5680802483474116,0.0,0.0,0.0,0.0,0.0,0.0,-1.1021059313526602,0.22678571010079446,-0.40445821256889875,-0.8469141504417906,1.0720052777424296,-0.820671771034864,0.0,0.0,0.0,0.0,0.0,1
0_HN1792_0,0.7960584200639844,-0.6326875627095838,-0.15660548836434132,-0.4005617070692532,-0.4603981366165995,-0.3453121015418318,-1.4934752614616777,2.912438754544018,-0.2982733602507524,1.3662335232211225,-0.18909262305178176,1.1867845019970968,T34,-0.0016432569822673409,-0.27939835463746027,-0.619110873440815,-0.6895705642752316,1.1194581434264965,-1.7860761010582344,1.1883152452688257,-0.30763433302157334,-0.19981160959024244,0.2572531861769998,0.1525776941242409,0.4333613179080897,0.09683411520074069,1.350764373244277,0.8655018678454802,0.0033065526292946072,1.6365695052160805,0.6550314320210011,0.4624187947534064,1.8032303774354717,1.5020463570093856,-4.3324658344240925,4.332465834424102,0.9467682993703094,1.308759689892355,2.024248334026612,0.35367100350281533,-0.9467682993703096,0.75015902085371,1.4500344029024408,-0.3953029905144966,-0.4302975255091702,1.7232639113159391,-0.319720815909546,0.2509828750519345,-0.5284278337948621,13.884297520661157,-0.20318484176577342,0.20318484176577298,0.14545454545454556,0.3529772558157748,0.7341357743426092,0.18638813700134935,-0.1454545454545458,3.545454545454546,-0.8567493112947658,1.5713430679370464,1.5713429941510169,1.571343086383555,1.4453052284160415,0.2728751813098973,2.3306447547893834,0.05489305280286846,0.39895576820274664,0.3161204100309057,-0.26248529856603947,0.5959527125431435,0.3577870971646624,-0.36589116402574073,-0.3044957379653021,-0.23473273329166858,-0.10423267746753263,-0.358828949954105,-0.011506320441838387,-0.09570654241593647,0.5868387434861468,0.26309955253386175,0.22096092933470463,0.3685793164604355,0.17434142472162387,0.0480091350605081,-0.021662297448540636,-0.09362479770682136,0.39832576285326765,-0.06352193976566213,-0.022884762816008854,-0.008402251259297201,-0.6383265668669194,0.010031392885905835,-0.6575101210039727,-0.18222037774894995,-0.4010525833090911,-0.1860509302197515,0.005213342546378523,-0.15187401201771047,-0.26379151126922973,-0.05136714103273551,-0.1540199266133927,0.11730581642874188,1.164568370011448,0.6821646572493689,0.625553422534714,0.7499952252256198,0.37574262469665587,-0.10832377208361282,0.060001360902408755,-0.14855541618510051,0.40117497087994897,-0.19864929500671147,0.07757300237986517,0.617394232632175,0.352120174625436,0.9582499729258206,0.2567172598332736,1.1171301381781573,-0.12299326428716602,-0.14440197364798163,0.07916611864745599,-0.01661203208220966,0.6171840160792544,-0.626232841432466,0.1877137684693277,0.2977319372526541,1.2360398657163776,0.219815983119021,1.6738709218673322,0.5935876429871373,1.1505135961836446,0.4528356349307922,0.46485706517131387,0.43771148520679054,0.6233822464142688,0.587293308520165,0.40983536771192985,-0.4313324288097889,0.7006038471592855,-0.391408144546783,-0.7823222031648398,0.23877461027513858,-0.5660026343088097,0.0,0.0,0.0,0.0,0.0,0.0,0.5378787457919065,-0.25366734472032587,0.4869217770284229,0.5581864784599398,-0.6015476368614895,0.24790265116668708,14.969217710288383,-1.0000001582866171,2.821992331553448,11.616760335973531,0.08671551137235772,1
0_HN1517_0,0.008351524974538305,-1.2320436038272764,1.8491914588689309,0.011982948747431159,0.3571661651996734,0.32517973968809855,0.28302625936743386,0.3134186818397345,-0.5279151144987392,-0.34348803491085184,0.2912106834338095,-0.43180063976116606,T12,-0.014848426183741058,1.6327922793849792,-0.03793502181686807,-0.030942578676199126,-0.09446575732557182,0.016448808071509922,-0.11627755886486146,0.3682336470541895,-0.23804407495606514,-0.25864091119665983,-0.3540573647185379,0.06361966235280984,0.4005437784521925,0.19102760051506995,0.4281742911018511,-0.21265665453373728,0.1223773223259265,0.32836488277669534,-0.14920098290049608,0.012688697734111213,0.029454924249726525,0.0,0.0,0.0,0.22747732277783783,-0.17722949588308218,1.1781797695365273,0.0,-0.05912434938916295,0.00321819899024532,-0.03218534556638277,-0.05728537947991617,0.04745017831776005,-0.32269581328546754,-0.4861071998021896,0.15434684021120415,0.0,0.0,0.0,0.0,0.24504473194769164,0.0067420932700223745,0.8950886029068362,0.0,0.0,0.33333333333333326,-0.00015893821059506275,-0.00015895470403993667,-0.00015893408723365238,-0.2896900821428475,-0.29949566871137573,-9.739792079046642e-05,-1.8716002669354015,-0.3027883704492952,-0.4589709394898076,0.28365049586717145,-0.30859309837567683,-0.2748273990055696,0.18753642820939614,-0.513858351078286,-0.7198251338153384,0.0023572891252084623,-0.2659619315535488,-0.21251911416104471,1.0544441885384297,-0.9011307345294541,-0.9069159162497977,-0.18869824668894056,-0.21138266601441183,-0.08762323761121214,-0.01282592517281658,0.22774254852986864,-0.008570165161058732,-0.372488606307666,0.14805477174941822,-0.21217448974029945,-3.4749058531416686,0.3993747352760744,-0.06766413469682481,-0.18577055404763781,0.46516372449867704,0.4344225423388713,0.31742413103810657,-0.10281292896198206,-0.9896908362597376,0.6479841119376448,-0.2655444735742552,0.09765184842037576,-0.2060952419811115,-0.6900554903935461,-0.9561203339491623,-0.3453257630808958,-0.24735949925111708,-0.09807061358144989,-0.3647216329340958,-0.32889443092564125,-0.3660744199245289,-0.4048064110116216,-0.21873146423159376,-0.21661693822996383,-3.343861193532839,0.359161234578707,-1.536185669957384,-0.9375634394730007,-0.01240855555580689,1.1669678624583943,-0.17358783653862092,-3.402448141434099,-2.2341233590848595,0.04461371333668362,-1.8821516194946382,0.18855065823338452,0.6466441474294864,0.7395404720975438,1.4020076433835946,0.522081959060495,1.527252420656045,-0.36997817848201187,1.5590858539386827,1.8052022704304937,0.41025957142283626,1.4156106953058647,0.541291473960981,1.250712225013702,0.8783298470997596,0.2656095518798648,0.7283332316136713,0.6770224311229341,0.5281443761689788,0.6086989070171774,0.0,0.5333333333333333,0.0,0.0,0.0,0.0,-0.7970251432551125,-0.5065928817161817,-0.6419498160810514,-0.7173139582875563,0.1552693358330689,-0.790651402607139,0.0,0.0,0.0,0.0,0.0,0
0_HN1922_0,-0.2383143276102345,-0.2773326021557264,0.1338359542032745,3.0721118746963416,0.7531756984226842,0.5145669694865902,0.4027595419126639,-0.282440335071914,0.5989226085798062,0.7260199005474964,2.644697970366787,0.7804527616884906,T34,0.4973299568733562,2.067505367357757,0.5515090703861358,-1.5328769396770614,0.8640900442178693,-1.552145342877099,0.9494056002815221,2.7264951889992806,1.5065894583041681,0.6753845045960013,0.6485591563758304,-0.962844445794422,-0.4790597665296697,-0.324161393431321,0.762482820324315,2.262863267985335,0.22783984691782636,1.5275606108270687,1.4617432376818456,-0.28007672192396355,-0.28357369562065093,0.0,0.0,0.0,-0.4373620103112517,-0.37915051407453015,-0.012119718877994425,0.0,-0.7572651030417806,-0.18199729154868238,0.771066816650953,0.8767676258513579,-0.4522940010604346,0.6415910179590225,-0.362097420653801,0.6150289535361039,0.0,0.0,0.0,0.0,-0.13255824005487282,-0.15831030932994172,-0.05686860596877285,0.0,0.0,0.33333333333333326,-0.00015607882680369534,-0.00015609532035506052,-0.0001560747034156621,-0.2896900821428475,0.16083453341714057,-9.739792079046642e-05,-0.07139773825427635,-0.005772064563716707,-0.454375251283458,0.2744584051418112,-0.44685424705136334,-0.7125435503388756,0.3382624137362855,0.4681211187604161,2.185831342623856,0.3867260217467231,0.9622227466792823,0.1083192707562408,-0.37708657399797507,0.848351846408627,-0.3119030262231023,0.9653561518587119,0.8358637625288712,0.21881263548917032,1.1508271564304842,-0.12742692701476302,1.3883227841024184,1.8016477258994197,1.2267404934898347,1.3715246297286057,0.3382382886683449,-0.1966167158395103,0.4169929872267503,-0.8939791993374031,-1.3431117999819253,-0.650855739947785,-2.287851951863715,-0.3960450566673111,-0.6883440124020086,-1.2780741595492802,-0.7205521542615156,-2.115658493066295,-0.4117584068431495,1.7188913360677678,0.11839416608641459,1.0887623363083088,0.18017115102040487,-0.5165931224456909,0.8804845168397698,0.2764646195135975,1.3325183712496922,1.7259129504403927,1.9743718657530962,0.9755414252138702,-0.15916919457242126,1.6838133177262802,2.1171118880218636,-0.2271177550669327,0.09837418175820632,-0.06061412024140635,-0.054314675623255905,0.3904899644938613,0.4820030164015928,0.6265363300546974,1.3498235377596912,-0.355240079130548,-0.4270609096461317,0.9935958255882862,1.961672158597177,-0.38159594355131493,0.5117325579772575,-0.28084094010553995,-0.20701986110668003,-0.43864982409487213,-0.3474253833313243,0.4464385294499314,0.026746699412841413,-0.6266999231804745,-0.5481272721740829,-1.0077533154867753,-1.0184737637536854,-1.0685789359564382,-1.242707307390106,-1.5687610201466868,0.0,-0.8,0.0,0.0,0.0,0.0,0.7010209884312557,1.2788914137100371,1.2627896991498901,0.8405898427468099,0.138770776711056,1.5334754343377026,0.0,0.0,0.0,0.0,0.0,1
0_HN1095_0,3.4642704630642496,-0.9608989722680215,0.36393579339543475,0.5182453208968629,0.5165025602135724,0.6470237797232432,-0.5630490402454924,5.745693061482535,-0.4924254743942135,0.7453460623084722,-0.6511888665570053,0.7997209978063274,T34,-0.5162698423609315,-0.8452608304422164,0.5328295243279499,0.598445118619097,-0.3437876299618474,0.22407615916114335,-0.18962085406562904,-0.6849810359387088,-0.6602376961124063,-0.9057560191113765,-0.6078754867290005,-0.41029950660060255,-0.6023477963971907,2.2815435529373085,1.0812156919959235,0.4372087855333648,1.0057739243764021,-0.38341624900953647,-0.371452758879382,4.448426491760658,2.3401981989529843,-2.9212036407953796,2.9212036407953796,0.9709028384956893,3.2731715063863165,4.410578063889272,1.233138250589088,-0.9709028384956896,1.1732694248188906,1.2610920358060516,-0.6309555093769534,-0.8521160263335114,3.2330031218642037,-0.8849833056479004,0.08479149056359997,-0.7116457034140617,7.384615384615383,-0.3325155145042574,0.3325155145042574,0.24615384615384622,4.2042487897352165,7.467737665293744,2.613773548026874,-0.24615384615384575,3.230769230769231,-0.6785009861932938,2.04325657353241,2.043256481356242,2.043256596576454,1.091280803166102,-0.28135955372000226,18.98852414194737,-0.3468003426797443,-0.1813570533101936,-0.40025978890858854,-0.5007091724456694,-0.20340961124117235,-0.12468726562077964,0.09850972946836987,0.139021752229497,-0.36639635296384904,0.17676173542432275,0.14339075494849243,-0.4501395395059845,-0.5993526670834063,-0.9837684090457347,-0.7432548670860305,-0.7303867963005016,-0.25168807374339786,-0.7510843196013194,-0.16104792851714175,-0.18336808980833694,-0.39746730057936575,-0.06842937444838566,-0.1970391215729884,-0.5346835977585007,0.48701328445812253,0.36753490781130277,-0.08174597375392287,0.2134246115336177,0.30602205429369894,0.08546636364799491,-0.007846744046246447,0.144419659341072,0.35054594557295293,0.08375459333379767,0.0016785433019969181,0.32647927055138937,-0.6883945806940535,-0.7222248973734572,-0.44750674900439885,-0.8034032069129334,-0.30606266052473974,-0.2017862130218218,-0.3577466800510078,-0.2521705540609607,-0.5172084918746009,-0.12657313652619537,-0.34746707140547867,-0.6057144784792922,-0.37265708422904953,-0.31855316002030587,-0.5783854336633452,-0.3777196999756563,0.09277444962413993,0.161491885350831,-0.5024519456540457,-0.539102139234003,-0.3001697763899207,-0.62000722029072,-0.23298119330291217,-0.5139834245855095,1.1500677513174222,1.960771623467285,2.4273529142496746,2.8081809873776393,2.294675201445248,3.0838150960023536,0.3171329460296093,0.4106259863714254,1.4150924800053697,0.8782681135570494,0.7159115768389817,1.4818192912468218,-0.00931310657194898,1.21903550575449,0.3551756060844132,-0.05178769687980541,0.7238480560230928,0.2195573954073301,0.0,0.5333333333333333,0.0,0.0,0.0,0.0,0.02185864081652833,-0.7610917266463374,-0.2942795659937448,-0.018684880535394174,-0.4223973990922111,-0.4384096561913001,20.492866939135833,-1.0000001613866047,1.753060988289593,3.488641651885256,0.07042341727601671,1
0_HN1815_0,-0.09600694545830404,0.5611005060719169,-0.189796071053459,0.07561284096007208,0.2490569990799052,0.2541797409835807,0.048178904524275847,-0.3153153153153153,-0.1290935396658702,-0.07130052290277723,-0.013890153157027779,-0.37033997818781195,T34,0.5093059802575749,0.8041248069098851,0.4777093287050532,-0.4463569745221077,-0.27354380632877207,0.02122462237072043,-0.06008795423622387,2.2131984824437914,1.9257141724126259,0.9197133688744923,0.961415484164753,-0.6013513312402972,-0.8493553330274755,-0.26943041391592415,0.5367168781365855,0.03993033634852512,-0.11838659668894572,0.08601060173982651,0.03227228428677188,-0.23896590530654588,-0.20486821831396793,0.0,0.0,0.0,-0.3226761942546194,-0.34431882527736757,0.1932087889079894,0.0,-0.6050034124371342,0.04957791527472179,0.8005851370309114,0.7707640578425924,-0.3527853046982726,1.5124271728841063,-0.25010564004707125,1.031065579995955,0.0,0.0,0.0,0.0,-0.10548927113299288,-0.1464783093518544,0.011373706758147228,0.0,0.0,0.33333333333333326,-0.00015747581866645228,-0.00015749231216578965,-0.000157471695291426,-0.2896900821428475,-0.004953855902065237,-9.739792079046642e-05,-0.6558102010802587,0.2351238342760428,-0.9216292837059644,2.917632059649501,-0.4252650541916003,-0.4511148107044721,0.670072201290748,-0.3385380080860456,0.894845959900344,-0.06545258209837777,0.42780877081775737,0.6610428608210075,0.21432205733427784,1.7670524726545995,0.006731475353156117,0.8140798588417818,-0.3489199701614583,-0.15232147727823145,0.09030441112862678,0.39789681786389336,0.8377622675621411,-0.40718160171543166,0.4379288214811924,0.5502176096303576,-0.3711835098264199,-1.1086973792336157,-0.1162014053152829,-0.35398382672627127,0.23562565806742858,-0.008801662674942477,0.007846744046246447,-0.54960100245664,-0.6797823268462243,0.22331159204875115,-0.19726338413313746,-0.309106528688048,0.1491600283189836,0.841400219988483,-0.6784202195403266,1.6270536996671798,-0.37114376213767325,-1.151946181533428,0.473376524953383,-0.09001558705079031,0.6921470095143609,-0.23445981233357463,0.608025836313545,0.8919449938271531,-0.44131956925988114,-0.710094784071454,0.05515598247141431,-0.9190749622989769,-0.049428076401244136,-0.7462103911666216,0.9576213321956215,-1.576775872731696,0.2971690564430746,0.21237485929401664,0.15920429014564766,0.6192088136799743,-0.3874684296415442,-0.7780260146171096,-0.6756409741771675,-0.08503155480643616,-0.24752078431648336,-0.7695904048802843,-0.3010203365013495,0.1533173836668581,-0.35817734510860477,-0.024487636414640943,0.20720900523407873,-0.12401146366934807,3.8242576492628397,-0.17164597474228185,1.0273064578966198,1.2324729023920906,0.15343545743976988,0.815289767973783,0.0,0.0,0.0,0.0,0.0,0.0,-2.562678785603133,-0.037111698531686915,-0.9118621609031184,-1.5772493223115427,-0.025177312725908587,-0.9587314198750531,0.0,0.0,0.0,0.0,0.0,1
0_HN1417_0,2.6006735646502004,-1.674158995608618,3.171204090006092,0.06614986596294377,0.40509205944606586,0.3542938440853139,0.44370519509144535,8.134502923976608,-0.5837855299316526,-0.49154218572274466,0.4753142302948496,-0.3364094900054275,T34,0.477945326955487,-0.3117760543681864,0.47482004505072023,0.7344043132417961,-0.2933622224129563,0.08118341271839262,-0.2139800318556356,-1.121712758451648,-0.8456936797271243,-1.1089895990693646,-0.6627036110644802,0.3925603848787633,-0.49666632981190717,2.36833462159083,0.3247556139382577,-0.8384552419353678,-0.14587508059610357,-0.5644462589680993,-0.5755361385226128,3.60364802258797,2.462262905795585,-0.3390631981438589,0.33906319814386005,1.0114798871310062,3.697353579826686,4.928314969910343,1.4194359243178525,-1.0114798871310062,0.7302918752956745,2.55624074831907,-0.3123026247302388,-0.7423474375216236,2.8992949698924675,-0.05775880187639824,0.627794919909567,-0.7219427913888277,2.424242424242424,-0.6504065040650407,0.6504065040650407,0.5333333333333333,6.379741735822183,11.271489808311216,3.9848047531056063,-0.5333333333333333,1.0,-0.6666666666666666,1.8538879564914588,1.853887872263496,1.853887977548451,0.8412396714286099,-0.37019083386644075,25.69711049425012,-0.3129270463809847,-0.24401016801325792,-0.39956136919742324,-0.7255763466006986,-0.3488983903279307,-0.19457799401082024,-0.031180412349392592,0.03317685107008743,-0.39431458705166206,0.040520982974881305,0.02751788119475331,-0.5235972445372341,-0.675117320192951,-1.5222175776107951,-1.5135102707880979,-0.7389755588477297,-1.1677884224306403,-1.001741945609598,-0.7136259378863883,-0.4237305827362672,-0.6525487412946451,-0.8244749771168528,-0.4661772479340749,-1.1963017753123577,0.9391678791653585,0.7047408351081692,1.0612691963531418,0.19620356190888186,1.458196111745398,0.44861267430514923,0.5243244871386069,0.5181233964186247,0.9142019065151694,0.8769253332872943,0.2240820524926536,1.1624169498530879,-1.102283554001725,-1.4136629374318657,-1.1505970080465924,-0.715912065715768,-1.1357942743319425,-0.3651547895940152,-0.6341201761472701,-0.5367656108514779,-0.7766976279470649,-0.6326562099372625,-0.47212909020756655,-1.2386694794002748,1.5219574719876166,-2.2804800113181396,-0.20870871677284294,0.2306276665288118,-0.2715130748390676,1.2229779905855631,-0.45899171592204774,-0.007888420547516432,0.28574295413777867,-0.5957542645622534,-0.46589549430426075,-1.4866063462296555,3.9811515206789276,6.734203542326467,4.59128498823837,3.6623222797978237,5.735695016720103,2.8057097267605715,-0.927037627570929,2.127339601370477,3.269680502004718,0.6937675536473904,-0.3835610400373322,5.135081433115662,0.4959761956753441,1.76696761251657,0.7345893866490963,0.42256230622981056,1.2339919675736788,0.5078413124994366,0.0,0.8,0.0,0.0,0.0,0.0,-0.4689115424195664,-1.3166912869736938,-0.640608012714965,-0.45196478062813,0.08650047859392393,-0.6939951716267918,1.274764176439197,-1.0000000391953734,0.13292424225007043,0.021080252902840026,0.9368841043681544,1
0_HN1900_0,2.2966802340384604,-0.9795753682338886,0.9366207568956224,-0.11583984413909025,0.027842544160664975,-0.02981199761904946,0.12121131669911622,6.069701280227596,-0.48513500191440917,-0.2230151360209867,-0.23590887244144174,-0.34472065608357155,T34,-0.2908286562671328,-1.4490877033043679,-0.5833177361909938,-1.8535511657855646,0.9889767322903226,-2.897296800806087,0.9998236981234441,0.8753001545243397,1.7538861449128544,1.7292210725218826,2.4530536577874016,-0.01175871786762056,0.6902365710610338,1.9564394527151825,1.9906746502292125,1.8504803186769918,2.5844096362671634,3.1879207910441973,3.086890196297207,3.5216433329764456,3.283356111305139,-0.09140026905147276,0.09140026905146556,1.0152070368731234,1.879718624700727,2.7201995559543244,0.6058094795922254,-1.0152070368731236,0.6832600477422999,3.469168463517911,-0.2995387532049549,-0.512364602018768,2.606979029783091,-0.027755499229532802,0.6600799702956217,-0.7340092396225139,0.4848484848484849,-1.0406504065040652,1.040650406504065,1.0666666666666667,12.285722826894595,21.59764146654637,7.7071276879488835,-1.0666666666666667,0.0,-0.6666666666666666,1.2778062828134433,1.2778062214906978,1.277806298144131,0.7103099178571526,-0.4248448486770608,39.10734265994868,0.051238073708881775,0.5654492098431098,-0.13230527150904733,-0.2680815617660372,0.3518906197395338,-0.015158610712566288,0.12979628983319658,-0.08891963134713617,0.0007263833129271431,0.1383065437531563,0.06600671852410009,0.35053334833775784,-0.28847956980856043,0.10495371336277044,-0.5727349176169226,-0.25099324090090525,-0.03442853440497667,0.31267702408737436,-0.23218798834854512,-0.4919512486341155,-0.23074386667341815,-0.11610774102032113,-0.3955666318303057,-0.1933969669964568,0.6711138974544307,0.24942973376011848,0.20754413292549093,0.013644245143481093,0.39137170521563985,-0.6136317919162816,0.49050690028959115,0.5425417732704988,0.41870624268198237,0.5050769593155205,0.33940616204620205,0.4481651978800891,-0.2760165171720687,0.8928746746272211,-0.287748372362399,0.0358419961504345,0.2444986359916863,0.41779316792636945,-0.3160089472381118,-0.4913113351631827,-0.21266373696400012,-0.04887864882038972,-0.48933678038882644,0.07431655053073465,-0.5804984891552445,1.3492277865684255,0.34776888869336414,0.8118271450529871,0.17444207765991965,-1.1589435016154148,0.6914382627916326,-0.015587350534687352,1.6291510877125077,0.6037240797467884,1.0806233174115036,1.4317527928813645,3.4245781478897235,1.0028000645916721,0.7261757464963422,1.9733042376826784,1.8791077294683716,3.673818961247982,0.9201124607608758,2.756791961291871,1.1659040531267675,2.3740704997019058,0.9949792922553847,1.2244857143745518,-0.29793386313571396,0.5106331124979758,-0.21662993353331614,-0.4597372430156074,0.5332717879366681,-0.31558812505643635,0.0,0.5333333333333333,0.0,0.0,0.0,0.0,0.37114467029685466,-0.5677686254047206,0.27931023194264004,0.25410393278125865,-0.06197612893337029,0.07146929618075513,0.41418077573196244,-0.9999997684651462,0.04430986089294265,0.0028156852716941846,2.635625372753127,1
